,NAME,YEAR,MONTH,UBIGEO,STATE,PROVINCE,DISTRICT,SECTOR,CATEGORY,CATEGORY_GLOBAL,QTY_CONSULTING_ROOM,QTY_OPERATIONS_CONSULTING_ROOM,QTY_BEDS,QTY_DOCTORS,QTY_DOCTORS_SERUM,QTY_DOCTORS_RESIDENT,QTY_NURSE,QTY_DENTISTS,QTY_PSYCHOLOGISTS,QTY_NUTRITIONISTS,QTY_MEDICAL_TECHNOLOGISTS,QTY_OBSTETRICIANS,QTY_PHARMACEUTICAL,QTY_AUXILIARY_PERSONAL,QTY_OTHER_PROFESSIONS,QTY_AMBULANCIAS,COD_IPRESS,LON,LAT,DIRECCION,SECTOR_GLOBAL
0,HOSPITAL SAN JUAN DE LURIGANCHO,2020,11,150132,LIMA,LIMA,SAN JUAN DE LURIGANCHO,MINSA,II-2,II,41.0,82.0,145.0,154.0,0.0,18.0,241.0,0.0,0.0,14.0,49.0,57.0,18.0,348.0,378.0,3.0,00005617,-11.9665774,-77.0030573,ENTRE PARADERO 10 Y 11 DE AV. CANTO GRANDE (HUASCAR),PUBLICO
1,HOSPITAL DE HUAYCAN,2020,12,150103,LIMA,LIMA,ATE,MINSA,II-1,II,23.0,43.0,59.0,80.0,0.0,0.0,71.0,2.0,5.0,4.0,5.0,41.0,9.0,96.0,2.0,1.0,00005883,-12.0158889,-76.8201183,JOSÉ C.MARIÁTEGUI S/N ZONA B - A.H.HUAYCÁN,PUBLICO
2,HOSPITAL VITARTE,2020,11,150103,LIMA,LIMA,ATE,MINSA,II-1,II,44.0,6.0,55.0,217.0,0.0,51.0,133.0,7.0,5.0,8.0,30.0,46.0,13.0,248.0,11.0,3.0,00005945,-12.0260421,-76.9199038,AV. NICOLAS AYLLON 5880-CARRETERA CENTRAL,PUBLICO
3,HOSPITAL NACIONAL HIPOLITO UNANUE,2020,11,150111,LIMA,LIMA,EL AGUSTINO,MINSA,III-1,III,110.0,130.0,525.0,442.0,0.0,145.0,634.0,13.0,17.0,28.0,100.0,61.0,42.0,1080.0,219.0,4.0,00005946,-12.0399743,-76.9935755,AV. CÉSAR VALLEJO 1390 - EL AGUSTINO,PUBLICO
4,HOSPITAL DE MEDIANA COMPLEJIDAD JOSE AGURTO TELLO,2020,12,150118,LIMA,LIMA,LURIGANCHO,MINSA,II-2,II,5.0,5.0,38.0,121.0,0.0,8.0,117.0,4.0,5.0,7.0,17.0,19.0,8.0,154.0,9.0,1.0,00005947,-11.93419549,-76.69349468,JR. AREQUIPA 214-218,PUBLICO
5,HOSPITAL HERMILIO VALDIZAN,2020,12,150137,LIMA,LIMA,SANTA ANITA,MINSA,III-1,III,55.0,84.0,211.0,70.0,0.0,22.0,77.0,5.0,28.0,5.0,4.0,0.0,13.0,147.0,18.0,2.0,00005948,-12.0468271,-76.9454975,CARRETERA CENTRAL KM 3.5 SANTA ANITA,PUBLICO
6,HOSPITAL MARIA AUXILIADORA,2020,10,150133,LIMA,LIMA,SAN JUAN DE MIRAFLORES,MINSA,III-1,III,95.0,0.0,373.0,356.0,0.0,111.0,385.0,4.0,6.0,12.0,67.0,29.0,15.0,446.0,26.0,2.0,00005987,-12.1605768,-76.9591024,CALLE MIGUEL IGLESIAS N°968,PUBLICO
7,NACIONAL  DOS DE MAYO,2020,12,150101,LIMA,LIMA,LIMA,MINSA,III-1,III,72.0,69.0,291.0,401.0,0.0,166.0,244.0,5.0,10.0,23.0,69.0,53.0,45.0,465.0,30.0,3.0,00006206,-12.0571705,-77.0162686,PARQUE HISTORIA DE LA MEDICINA PERUANA S/N ALTURA CUADRA 13 AV GRAU,PUBLICO
8,HOSPITAL NACIONAL ARZOBISPO LOAYZA,2020,12,150101,LIMA,LIMA,LIMA,MINSA,III-1,III,121.0,191.0,616.0,416.0,0.0,223.0,480.0,15.0,11.0,7.0,48.0,30.0,9.0,19.0,1312.0,4.0,00006207,-12.0498454,-77.0425597,AV. ALFONSO UGARTE 848,PUBLICO
9,INSTITUTO NACIONAL MATERNO PERINATAL,2020,9,150101,LIMA,LIMA,LIMA,MINSA,III-2,III,60.0,69.0,397.0,264.0,0.0,49.0,347.0,5.0,9.0,6.0,44.0,203.0,17.0,800.0,130.0,5.0,00006208,-12.0529163,-77.0221718,JR. ANTONIO MIROQUESADA Nº 941,PUBLICO
10,INSTITUTO NACIONAL DE CIENCIAS NEUROLOGICAS,2020,10,150101,LIMA,LIMA,LIMA,MINSA,III-2,III,7.0,6.0,105.0,92.0,0.0,19.0,111.0,0.0,7.0,3.0,43.0,0.0,5.0,278.0,5.0,2.0,00006209,-12.0462295,-77.0156898,JR. ANCASH 1271 - LIMA,PUBLICO
11,INSTITUTO NACIONAL DE ENFERMEDADES NEOPLASICAS,2020,12,150141,LIMA,LIMA,SURQUILLO,MINSA,III-2,III,69.0,148.0,392.0,274.0,0.0,156.0,614.0,4.0,11.0,23.0,225.0,0.0,50.0,10.0,891.0,1.0,00006210,-12.1117911,-76.9991488,"AV.  ANGAMOS ESTE Nº 2520, URB. CALERA DE LA MERCED",PUBLICO
12,HOSPITAL DE APOYO SANTA ROSA,2020,10,150121,LIMA,LIMA,PUEBLO LIBRE,MINSA,III-1,III,54.0,87.0,102.0,268.0,55.0,34.0,245.0,13.0,10.0,12.0,56.0,39.0,25.0,80.0,33.0,3.0,00006211,-12.0716016,-77.0610651,AV. BOLIVAR S/N CUADRA 8,PUBLICO
13,HOSPITAL DE EMERGENCIAS PEDIATRICAS,2020,10,150115,LIMA,LIMA,LA VICTORIA,MINSA,III-E,III,3.0,0.0,48.0,123.0,0.0,1.0,122.0,0.0,1.0,3.0,31.0,0.0,12.0,144.0,14.0,2.0,00006212,-12.0581708,-77.0217293,AV GRAU 854 - PROLONG JR HUAMANGA 147,PUBLICO
14,HOSPITAL DE EMERGENCIAS JOSE CASIMIRO ULLOA,2020,11,150122,LIMA,LIMA,MIRAFLORES,MINSA,III-E,III,9.0,9.0,71.0,108.0,0.0,31.0,313.0,0.0,0.0,6.0,27.0,0.0,7.0,93.0,4.0,3.0,00006213,-12.1282107,-77.0180619,AV. ROOSVELT N° 6355 (EX AV. REPUBLICA DE PANAMA),PUBLICO
15,HOSPITAL VICTOR LARCO HERRERA,2020,12,150120,LIMA,LIMA,MAGDALENA DEL MAR,MINSA,III-1,III,10.0,15.0,590.0,37.0,0.0,0.0,92.0,4.0,13.0,1.0,13.0,0.0,14.0,221.0,17.0,3.0,00006214,-12.098705,-77.065756,AV.AUGUSTO PEREZ ARANIBAR N° 600,PUBLICO
16,HOSPITAL NACIONAL DOCENTE MADRE NIÑO SAN BARTOLOME,2020,12,150101,LIMA,LIMA,LIMA,MINSA,III-1,III,10.0,32.0,189.0,303.0,0.0,88.0,304.0,11.0,8.0,4.0,50.0,72.0,28.0,382.0,23.0,3.0,00006215,-12.0499179,-77.0423608,AV ALFONSO UGARTE Nº 825 LIMA CERCADO - ANEXO : JR.CHOTA 748,PUBLICO
17,INSTITUTO NACIONAL DE SALUD DEL NIÑO,2020,12,150105,LIMA,LIMA,BREÑA,MINSA,III-2,III,110.0,118.0,371.0,366.0,0.0,50.0,625.0,28.0,20.0,15.0,159.0,5.0,29.0,652.0,33.0,4.0,00006216,-12.0654786,-77.0459873,AV. BRASIL Nº 600,PUBLICO
18,INO DR. FRANCISCO CONTRERAS C.,2020,12,150101,LIMA,LIMA,LIMA,MINSA,III-2,III,44.0,76.0,11.0,108.0,0.0,27.0,55.0,0.0,1.0,1.0,22.0,0.0,8.0,103.0,6.0,1.0,00006217,-12.0518041,-77.0550192,TINGO MARÍA,PUBLICO
19,NAC. DANIEL A. CARRION,2020,10,70102,CALLAO,CALLAO,BELLAVISTA,GOBIERNO REGIONAL,III-1,III,3.0,3.0,324.0,271.0,0.0,185.0,351.0,8.0,12.0,10.0,64.0,28.0,14.0,487.0,31.0,1.0,00006218,-12.063792,-77.124813,AV. GUARDIA CHALACA Nº 2176,PUBLICO
20,HOSPITAL SAN JOSE,2020,12,70103,CALLAO,CALLAO,CARMEN DE LA LEGUA-REYNOSO,GOBIERNO REGIONAL,II-2,II,43.0,68.0,72.0,144.0,0.0,37.0,110.0,5.0,14.0,2.0,36.0,31.0,7.0,94.0,7.0,4.0,00006219,-12.04273444,-77.09846168,JR. LAS MAGNOLIAS 475,PUBLICO
21,P.S. MANUEL BONILLA,2020,2,70101,CALLAO,CALLAO,CALLAO,GOBIERNO REGIONAL,I-2,0,10.0,10.0,0.0,7.0,0.0,0.0,6.0,3.0,1.0,2.0,1.0,4.0,1.0,0.0,0.0,0.0,00006220,-12.06225097,-77.13794025,AV. ALMIRANTE MIGUEL GRAU Nº 1015,PUBLICO
22,C.S. ALBERTO BARTON,2020,2,70101,CALLAO,CALLAO,CALLAO,GOBIERNO REGIONAL,I-3,I,10.0,10.0,0.0,5.0,0.0,0.0,4.0,2.0,4.0,1.0,2.0,4.0,0.0,1.0,0.0,0.0,00006221,-12.05394219,-77.13882432,CALLE MANUEL RAYGADA Nº 515,PUBLICO
23,CALLAO,2020,2,70101,CALLAO,CALLAO,CALLAO,GOBIERNO REGIONAL,I-2,0,8.0,8.0,0.0,3.0,0.0,0.0,3.0,2.0,1.0,2.0,0.0,2.0,0.0,7.0,1.0,0.0,00006222,-12.05194895,-77.1028097,CALLE CANCHONES Nº 294 - URB.TARAPACA,PUBLICO
24,P.S. SANTA FE,2020,2,70101,CALLAO,CALLAO,CALLAO,GOBIERNO REGIONAL,I-2,0,15.0,15.0,0.0,5.0,0.0,0.0,4.0,2.0,2.0,1.0,0.0,3.0,0.0,5.0,0.0,0.0,00006223,-12.05410129,-77.1232842,AV. ALFREDO PALACIOS CDRA. 5 (REF. CEMENTERIO BAQUÍJANO ANTES DE LLEGAR A LA AV. GUARDIA CHALACA),PUBLICO
25,JOSE BOTERIN,2020,2,70101,CALLAO,CALLAO,CALLAO,GOBIERNO REGIONAL,I-2,0,7.0,7.0,0.0,2.0,0.0,0.0,2.0,1.0,1.0,0.0,0.0,1.0,0.0,5.0,0.0,0.0,00006224,-12.05330245,-77.11991231,PARQUE  Nº 3 AA.HH. JOSE BOTERIN,PUBLICO
26,SAN JUAN BOSCO,2020,2,70101,CALLAO,CALLAO,CALLAO,GOBIERNO REGIONAL,I-2,0,7.0,7.0,0.0,1.0,0.0,0.0,2.0,1.0,2.0,1.0,0.0,1.0,1.0,6.0,0.0,0.0,00006225,-12.04850915,-77.13307953,CONTRALMIRANTE MORA CDRA. 5 (CALLE NAUTA 122),PUBLICO
27,P. S. PUERTO NUEVO,2020,2,70101,CALLAO,CALLAO,CALLAO,GOBIERNO REGIONAL,I-2,0,9.0,9.0,0.0,1.0,0.0,0.0,1.0,1.0,1.0,1.0,0.0,1.0,0.0,0.0,0.0,0.0,00006226,-12.04658449,-77.13717664,AV. GRAU S/N AA.HH. PUERTO NUEVO,PUBLICO
28,P.S. LA PUNTA  ( EX-LUIS VALLEJO SANTONI ),2020,2,70105,CALLAO,CALLAO,LA PUNTA,GOBIERNO REGIONAL,I-2,0,7.0,7.0,0.0,2.0,0.0,0.0,1.0,1.0,1.0,0.0,0.0,1.0,0.0,2.0,1.0,0.0,00006227,-12.06837287,-77.15809712,AV. GRAU Nº 1002 -  LA PUNTA,PUBLICO
29,C.S. NESTOR GAMBETTA,2020,2,70101,CALLAO,CALLAO,CALLAO,GOBIERNO REGIONAL,I-4,I,11.0,10.0,5.0,12.0,0.0,0.0,7.0,2.0,0.0,1.0,0.0,8.0,1.0,11.0,0.0,0.0,00006228,-12.04253586,-77.12024461,AV. ALAMEDA S/N PP.JJ. GAMBETTA ALTA,PUBLICO
30,CENTRO DE SALUD ACAPULCO,2020,1,70101,CALLAO,CALLAO,CALLAO,GOBIERNO REGIONAL,I-4,I,16.0,16.0,4.0,10.0,0.0,0.0,6.0,3.0,2.0,1.0,2.0,6.0,1.0,37.0,1.0,1.0,00006230,-12.02215478,-77.13692002,AV. JOSE GALVEZ S/N CMTE.8 - PP.JJ. ACAPULCO,PUBLICO
31,RAMON CASTILLA,2020,2,70101,CALLAO,CALLAO,CALLAO,GOBIERNO REGIONAL,I-2,0,8.0,7.0,0.0,2.0,0.0,0.0,2.0,2.0,1.0,1.0,0.0,1.0,0.0,5.0,0.0,0.0,00006231,-12.0410186,-77.12248919,JR. CUZCO S/N PP.JJ. RAMON CASTILLA,PUBLICO
32,JUAN PABLO II,2020,2,70101,CALLAO,CALLAO,CALLAO,GOBIERNO REGIONAL,I-2,0,6.0,6.0,0.0,3.0,0.0,0.0,2.0,1.0,1.0,0.0,0.0,2.0,0.0,7.0,1.0,0.0,00006233,-12.0265051,-77.12919833,AA.HH.JUAN PABLO II  (ALT.AV.GAMBETTA KM 2.5),PUBLICO
33,P.S. SANTA ROSA,2020,2,70101,CALLAO,CALLAO,CALLAO,GOBIERNO REGIONAL,I-2,0,8.0,0.0,0.0,3.0,0.0,0.0,2.0,1.0,1.0,1.0,0.0,2.0,0.0,2.0,0.0,0.0,00006234,-12.04586988,-77.11113384,AV. T. AMARU GDIA.CHALACA S/N MINICOMPL. STA.ROSA,PUBLICO
34,MIGUEL GRAU,2020,2,70101,CALLAO,CALLAO,CALLAO,GOBIERNO REGIONAL,I-2,0,8.0,8.0,0.0,2.0,0.0,0.0,1.0,1.0,1.0,0.0,0.0,1.0,0.0,4.0,0.0,0.0,00006235,-12.04578311,-77.10425695,ALT. CDRA.10 AV.TUPAC AMARU - PP.JJ. MIGUEL GRAU,PUBLICO
35,C.S. MARQUEZ,2020,2,70101,CALLAO,CALLAO,CALLAO,GOBIERNO REGIONAL,I-4,I,11.0,11.0,8.0,11.0,0.0,0.0,12.0,3.0,1.0,1.0,1.0,10.0,1.0,34.0,0.0,1.0,00006238,-11.94257438,-77.13418214,AV. LOS ALAMOS  S/N - MARQUEZ,PUBLICO
36,C.S. SESQUICENTENARIO,2020,2,70101,CALLAO,CALLAO,CALLAO,GOBIERNO REGIONAL,I-3,I,12.0,12.0,0.0,8.0,0.0,0.0,5.0,2.0,1.0,1.0,6.0,2.0,2.0,14.0,0.0,0.0,00006239,-12.00969499,-77.09673001,CALLE 3 S/N URB. SESQUICENTENARIO,PUBLICO
37,P.S. PREVI,2020,2,70101,CALLAO,CALLAO,CALLAO,GOBIERNO REGIONAL,I-2,0,12.0,12.0,0.0,3.0,1.0,0.0,3.0,2.0,1.0,0.0,0.0,4.0,0.0,6.0,1.0,0.0,00006240,-12.01652914,-77.09072326,CALLE CENTRAL S/N,PUBLICO
38,AEROPUERTO,2020,2,70101,CALLAO,CALLAO,CALLAO,GOBIERNO REGIONAL,I-2,0,8.0,8.0,0.0,3.0,0.0,0.0,4.0,2.0,1.0,2.0,0.0,2.0,0.0,7.0,0.0,0.0,00006241,-12.03365706,-77.09902777,JR. SALAVERRY S/N - AA.HH. AEROPUERTO,PUBLICO
39,PUESTO DE SALUD PLAYA RIMAC,2020,2,70101,CALLAO,CALLAO,CALLAO,GOBIERNO REGIONAL,I-2,0,6.0,6.0,0.0,3.0,0.0,0.0,1.0,1.0,1.0,1.0,0.0,1.0,0.0,5.0,1.0,0.0,00006242,-12.03794156,-77.0963773,CALLE BOLOGNESI Y JOSE SANTOS CHOCANO S/N,PUBLICO
40,P. S. FAUCETT,2020,2,70101,CALLAO,CALLAO,CALLAO,GOBIERNO REGIONAL,I-2,0,7.0,7.0,0.0,4.0,0.0,0.0,4.0,2.0,1.0,1.0,0.0,3.0,0.0,8.0,0.0,0.0,00006243,-11.99616332,-77.12085548,CALLE  3 S/N  - URB. FAUCETT,PUBLICO
41,P.S. 200 MILLAS,2020,2,70101,CALLAO,CALLAO,CALLAO,GOBIERNO REGIONAL,I-2,0,6.0,6.0,0.0,4.0,0.0,0.0,2.0,2.0,1.0,1.0,0.0,2.0,0.0,3.0,0.0,0.0,00006244,-11.99509597,-77.12492365,MZ L  LOTE 3-4  I  ETAP. URB.200 MILLAS  (KM.5.5 AV.GAMBETTA),PUBLICO
42,P.S. BOCANEGRA,2020,2,70101,CALLAO,CALLAO,CALLAO,GOBIERNO REGIONAL,I-2,0,6.0,6.0,0.0,4.0,0.0,0.0,4.0,2.0,1.0,2.0,0.0,2.0,0.0,4.0,0.0,0.0,00006245,-12.02421866,-77.09642349,AA.HH. BOCANEGRA - PLAZA CIVICA,PUBLICO
43,P.S.EL ALAMO,2020,2,70101,CALLAO,CALLAO,CALLAO,GOBIERNO REGIONAL,I-2,0,20.0,20.0,0.0,5.0,0.0,0.0,4.0,2.0,2.0,0.0,0.0,3.0,0.0,13.0,0.0,0.0,00006246,-12.00186975,-77.10733774,MZ.  S/N   URB. EL ALAMO,PUBLICO
44,P.S. POLIGONO IV,2020,2,70101,CALLAO,CALLAO,CALLAO,GOBIERNO REGIONAL,I-2,0,10.0,10.0,0.0,3.0,0.0,0.0,2.0,1.0,2.0,2.0,0.0,2.0,0.0,5.0,1.0,0.0,00006248,-12.02515855,-77.10084785,AA.HH. BOCANEGRA - SECTOR V,PUBLICO
45,C.S. BELLAVISTA PERU COREA,2020,2,70102,CALLAO,CALLAO,BELLAVISTA,GOBIERNO REGIONAL,I-4,I,5.0,1.0,0.0,2.0,0.0,0.0,2.0,1.0,1.0,1.0,0.0,1.0,0.0,1.0,0.0,0.0,00006249,-12.06171682,-77.10633786,MZ. F-5 ZONA 2 - CIUDAD DEL PESCADOR,PUBLICO
46,P.S. ALTA MAR,2020,2,70104,CALLAO,CALLAO,LA PERLA,GOBIERNO REGIONAL,I-2,0,9.0,9.0,0.0,6.0,0.0,0.0,4.0,3.0,1.0,2.0,1.0,3.0,0.0,9.0,0.0,0.0,00006250,-12.06951429,-77.11778466,AV. DOS DE MAYO Nº 640,PUBLICO
47,P.S. LA PERLA,2020,2,70104,CALLAO,CALLAO,LA PERLA,GOBIERNO REGIONAL,I-2,0,12.0,12.0,0.0,4.0,1.0,0.0,2.0,3.0,1.0,1.0,0.0,3.0,0.0,2.0,1.0,0.0,00006251,-12.06920504,-77.12476464,ALFONSO UGARTE Nº 1150,PUBLICO
48,C.S. CARMEN DE LA LEGUA,2020,2,70103,CALLAO,CALLAO,CARMEN DE LA LEGUA-REYNOSO,GOBIERNO REGIONAL,I-3,I,9.0,9.0,0.0,5.0,0.0,0.0,4.0,2.0,3.0,2.0,3.0,3.0,0.0,11.0,1.0,0.0,00006252,-12.04001323,-77.09011698,AV. MANCO CAPAC  CDRA. 8,PUBLICO
49,VILLA SR. DE LOS MILAGROS,2020,2,70103,CALLAO,CALLAO,CARMEN DE LA LEGUA-REYNOSO,GOBIERNO REGIONAL,I-2,0,13.0,12.0,0.0,4.0,0.0,0.0,3.0,2.0,1.0,1.0,0.0,2.0,0.0,8.0,3.0,0.0,00006253,-12.04196315,-77.08542386,PJE VILLA SR DE LOS MILAGROS,PUBLICO
50,P.S. VENTANILLA ALTA,2020,2,70106,CALLAO,CALLAO,VENTANILLA,GOBIERNO REGIONAL,I-2,0,12.0,10.0,0.0,5.0,1.0,0.0,9.0,1.0,1.0,1.0,0.0,4.0,1.0,0.0,1.0,0.0,00006255,-11.87255066,-77.10995729,AV. CENTRAL  MZA L S/N- VENTANILLA,PUBLICO
51,CENTRO DE SALUD VILLA LOS REYES,2020,2,70106,CALLAO,CALLAO,VENTANILLA,GOBIERNO REGIONAL,I-4,I,12.0,12.0,2.0,12.0,0.0,0.0,12.0,3.0,1.0,1.0,0.0,13.0,0.0,30.0,4.0,0.0,00006256,-11.82855773,-77.12271214,MZA. N1  S/N SECTOR 1 AA.HH. VILLA LOS REYES,PUBLICO
52,P. S. ANGAMOS,2020,2,70106,CALLAO,CALLAO,VENTANILLA,GOBIERNO REGIONAL,I-2,0,12.0,22.0,0.0,9.0,4.0,0.0,10.0,2.0,3.0,1.0,0.0,6.0,0.0,10.0,1.0,0.0,00006257,-11.89274295,-77.12773026,INTERSECCION  AV. B Y CALLE 8 S/N II SECTOR ANGAMOS,PUBLICO
53,P.S. VENTANILLA BAJA,2020,2,70106,CALLAO,CALLAO,VENTANILLA,GOBIERNO REGIONAL,I-2,0,5.0,5.0,0.0,4.0,0.0,0.0,2.0,2.0,0.0,0.0,0.0,3.0,0.0,5.0,0.0,0.0,00006258,-11.93696178,-77.13233716,AV. 11 DE AGOSTO AA.HH. VICTOR RAUL HAYA DE LA TORRE,PUBLICO
54,P.S. VENTANILLA ESTE,2020,2,70106,CALLAO,CALLAO,VENTANILLA,GOBIERNO REGIONAL,I-2,0,6.0,10.0,0.0,3.0,0.0,0.0,5.0,2.0,1.0,0.0,0.0,3.0,0.0,0.0,0.0,0.0,00006259,-11.94239104,-77.11760677,PRIMERA ETAPA AA.HH. PARQUE PORCINO,PUBLICO
55,PUESTO DE SALUD MI PERU,2020,2,70107,CALLAO,CALLAO,MI PERU,GOBIERNO REGIONAL,I-2,0,6.0,6.0,0.0,6.0,0.0,0.0,8.0,4.0,3.0,2.0,0.0,6.0,1.0,13.0,1.0,0.0,00006260,-11.85554679,-77.12307882,AV. HUAURA S/N - AA.HH. MI PERU,PUBLICO
56,P.S. LUIS FELIPE DE LAS CASAS,2020,2,70106,CALLAO,CALLAO,VENTANILLA,GOBIERNO REGIONAL,I-2,0,2.0,3.0,0.0,3.0,0.0,0.0,4.0,2.0,1.0,0.0,0.0,3.0,0.0,10.0,2.0,0.0,00006261,-11.82445218,-77.13188278,LOS ALISOS - EUCALIPTOS,PUBLICO
57,P.S. HIJOS DEL ALMIRANTE GRAU,2020,2,70106,CALLAO,CALLAO,VENTANILLA,GOBIERNO REGIONAL,I-2,0,9.0,13.0,0.0,4.0,0.0,0.0,6.0,2.0,2.0,1.0,0.0,3.0,0.0,7.0,1.0,0.0,00006262,-11.88563281,-77.13208529,CALLE 10 MZA Y S/N AAHH HIJOS DE GRAU,PUBLICO
58,P.S. SANTA ROSA DE PACHACÚTEC,2020,2,70106,CALLAO,CALLAO,VENTANILLA,GOBIERNO REGIONAL,I-2,0,6.0,6.0,0.0,2.0,0.0,0.0,4.0,1.0,1.0,1.0,0.0,2.0,0.0,8.0,8.0,0.0,00006263,-11.84707868,-77.12750905,MZA. P.O. LOTE 1 AA.HH. SANTA ROSA DE PACHACUTEC,PUBLICO
59,P.S. BAHIA BLANCA,2020,2,70106,CALLAO,CALLAO,VENTANILLA,GOBIERNO REGIONAL,I-2,0,11.0,10.0,0.0,4.0,0.0,0.0,8.0,3.0,3.0,1.0,0.0,4.0,1.0,10.0,1.0,0.0,00006264,-11.83522846,-77.15849933,MZA P.1 -LOTE 1 PROYECTO PACHACUTEC,PUBLICO
60,03 DE FEBRERO,2020,2,70106,CALLAO,CALLAO,VENTANILLA,GOBIERNO REGIONAL,I-2,0,2.0,2.0,0.0,2.0,2.0,0.0,6.0,2.0,1.0,0.0,0.0,5.0,0.0,3.0,0.0,0.0,00006266,-11.82924006,-77.15931907,MZA V S/N GRUPO RESIDENCIAL B3 SECTOR B PROYECTO PILOTO NUEVO PACHACUTEC,PUBLICO
61,P.S. CIUDAD PACHACUTEC,2020,2,70106,CALLAO,CALLAO,VENTANILLA,GOBIERNO REGIONAL,I-2,0,13.0,24.0,0.0,4.0,0.0,0.0,6.0,2.0,1.0,0.0,0.0,4.0,0.0,10.0,1.0,0.0,00006267,-11.84677854,-77.15225242,MZA.G -LOTE3 AAHH LA UNION PACHACUTEC,PUBLICO
62,P.S. DEFENSORES DE LA PATRIA,2020,2,70106,CALLAO,CALLAO,VENTANILLA,GOBIERNO REGIONAL,I-2,0,8.0,12.0,0.0,4.0,1.0,0.0,6.0,2.0,1.0,1.0,0.0,4.0,0.0,6.0,1.0,0.0,00006268,-11.87633106,-77.13753281,MZA E4 - LOTE 7 AA.HH. DEFENSORES DE LA PATRIA,PUBLICO
63,SANIDAD AEREA INTERNACIONAL,2020,1,70101,CALLAO,CALLAO,CALLAO,GOBIERNO REGIONAL,I-2,0,2.0,2.0,0.0,9.0,0.0,0.0,3.0,0.0,0.0,0.0,0.0,0.0,0.0,8.0,0.0,0.0,00006669,-12.02028307,-77.10706942,AEROPUERTO INTERNACIONAL JORGE CHAVEZ,PUBLICO
64,PALMERAS DE OQUENDO,2020,2,70101,CALLAO,CALLAO,CALLAO,GOBIERNO REGIONAL,I-2,0,7.0,7.0,0.0,4.0,0.0,0.0,4.0,2.0,2.0,1.0,0.0,3.0,0.0,7.0,2.0,0.0,00006768,-11.97311497,-77.12072418,CALLE MARLEN MZ H2-LOTE 5 Y 6,PUBLICO
65,HOSPITAL DE VENTANILLA,2020,11,70106,CALLAO,CALLAO,VENTANILLA,GOBIERNO REGIONAL,II-1,II,0.0,0.0,87.0,99.0,0.0,17.0,103.0,7.0,6.0,2.0,17.0,41.0,6.0,210.0,1.0,1.0,00007126,-11.87298251,-77.12572429,AV. PEDRO BELTRAN  CALLE 3 S/N (REF. AL COSTADO CO,PUBLICO
66,C.S. MATERNO INFANTIL PACHACUTEC  PERU-COREA,2020,2,70106,CALLAO,CALLAO,VENTANILLA,GOBIERNO REGIONAL,I-4,I,24.0,38.0,22.0,18.0,0.0,0.0,16.0,4.0,2.0,2.0,7.0,19.0,1.0,1.0,0.0,1.0,00007314,-11.83265968,-77.1419038,MZ. X LTE. 1 AA.HH HIROSHIMA,PUBLICO
67,HOSPITAL CARLOS LANFRANCO LA HOZ,2020,12,150125,LIMA,LIMA,PUENTE PIEDRA,MINSA,II-2,II,27.0,44.0,111.0,148.0,0.0,46.0,161.0,8.0,10.0,7.0,7.0,55.0,34.0,10.0,16.0,3.0,00007632,-11.8631805,-77.079335,AV. SAENZ PEÑA - CUADRA 6 S/N,PUBLICO
68,HOSPITAL NACIONAL CAYETANO HEREDIA,2020,12,150135,LIMA,LIMA,SAN MARTIN DE PORRES,MINSA,III-1,III,102.0,39.0,376.0,434.0,0.0,231.0,525.0,9.0,24.0,18.0,78.0,44.0,12.0,1482.0,134.0,3.0,00007633,-12.0220216,-77.0544967,AV. HONORIO DELGADO 262 URB. INGENIERIA,PUBLICO
69,HOSPITAL NACIONAL SERGIO E. BERNALES,2020,12,150110,LIMA,LIMA,COMAS,MINSA,III-1,III,43.0,4.0,347.0,211.0,0.0,114.0,241.0,8.0,12.0,7.0,51.0,53.0,11.0,865.0,45.0,3.0,00007634,-11.9138337,-77.0395181,AV. TUPAC AMARU KM. 14.5,PUBLICO
70,"INSTITUTO NACIONAL DE SALUD MENTAL ""HONORIO DELGADO - HIDEYO NOGUCHI""",2020,12,150135,LIMA,LIMA,SAN MARTIN DE PORRES,MINSA,III-2,III,4.0,2.0,22.0,130.0,0.0,46.0,80.0,0.0,45.0,4.0,14.0,4.0,7.0,140.0,56.0,2.0,00007733,-12.0199185,-77.0554348,JR. ELOY ESPINOZA SALDAÑA 709 - URB. PALAO,PUBLICO
71,"INSTITUTO NACIONAL DE REHABILITACION ""DRA. ADRIANA REBAZA FLORES"" AMISTAD PERU - JAPON",2020,8,150108,LIMA,LIMA,CHORRILLOS,MINSA,III-2,III,55.0,82.0,48.0,127.0,0.0,44.0,30.0,2.0,24.0,8.0,120.0,0.0,7.0,114.0,49.0,2.0,00007734,-12.192758,-77.0037655,PROLONGACIÓN DEFENSORES DEL MORRO CUADRA 2 S/N,PUBLICO
72,CONSORCIO RED MEDICA OSEA S.A.C.,2020,2,70103,CALLAO,CALLAO,CARMEN DE LA LEGUA-REYNOSO,PRIVADO,I-2,0,2.0,2.0,0.0,1.0,0.0,0.0,0.0,0.0,0.0,0.0,0.0,0.0,0.0,0.0,1.0,0.0,00007794,-12.04236518,-77.0983373,AV. ELMER FAUCETT Nº 450,PRIVADO
73,PERFECTDENT-FERREYRA,2020,2,70106,CALLAO,CALLAO,VENTANILLA,PRIVADO,I-1,0,5.0,10.0,0.0,0.0,0.0,0.0,0.0,7.0,0.0,0.0,0.0,0.0,0.0,0.0,1.0,0.0,00007840,,,CALLE 1-MZA 2- LOTE 14,PRIVADO
74,LABORATORIO DE ANALISIS CLINICO LUIS NAKANDAKARI,2020,7,70101,CALLAO,CALLAO,CALLAO,PRIVADO,0,0,0.0,0.0,0.0,1.0,0.0,0.0,0.0,0.0,0.0,0.0,0.0,0.0,0.0,3.0,2.0,0.0,00007918,,,AVENIDA SAENZ PEÑA Nº733 OFICINA 211,PRIVADO
75,MEDICENTRO SAN ISIDRO,2020,9,150131,LIMA,LIMA,SAN ISIDRO,PRIVADO,I-2,0,48.0,48.0,0.0,45.0,0.0,0.0,21.0,6.0,1.0,2.0,14.0,7.0,2.0,15.0,0.0,0.0,00008215,-12.09308288,-77.02398575,AV. PASEO DE LA REPUBLICA Nº 3058,PRIVADO
76,CAP III HUAYCAN-GRDA-ESSALUD,2020,6,150103,LIMA,LIMA,ATE,ESSALUD,I-3,I,5.0,10.0,0.0,16.0,0.0,0.0,15.0,3.0,1.0,1.0,7.0,3.0,3.0,14.0,6.0,1.0,00008251,-12.009876,-76.8299031,"AV. J.C. MARIATEGUI, MZ. C, LOTE 49-50 - URB. LUCUMO, PARIACHI",PUBLICO
77,REJUVENECIMIENTO Y ESTETICA CABANI SRL,2020,12,150130,LIMA,LIMA,SAN BORJA,PRIVADO,II-1,II,1.0,1.0,6.0,5.0,0.0,0.0,2.0,0.0,0.0,0.0,0.0,0.0,0.0,3.0,0.0,0.0,00008258,,,AV GUARDIA CIVIL 627,PRIVADO
78,HOSPITAL NACIONAL ALBERTO SABOGAL SOLOGUREN DE LA RED ASISTENCIAL SABOGAL,2020,12,70102,CALLAO,CALLAO,BELLAVISTA,ESSALUD,III-1,III,61.0,86.0,447.0,748.0,0.0,159.0,524.0,9.0,13.0,21.0,117.0,37.0,26.0,876.0,47.0,5.0,00008265,-12.0639353,-77.1214128,JR. COLINA NRO. 1081,PUBLICO
79,HOSPITAL NAVAL,2020,9,70102,CALLAO,CALLAO,BELLAVISTA,SANIDAD DE LA MARINA DE GUERRA DEL PERU,III-1,III,70.0,70.0,259.0,129.0,0.0,50.0,261.0,14.0,12.0,7.0,33.0,1.0,8.0,248.0,11.0,4.0,00008266,-12.0617901,-77.0901374,AV. VENEZUELA S/N,PUBLICO
80,CLINICA SAN JUAN BAUTISTA,2020,12,150132,LIMA,LIMA,SAN JUAN DE LURIGANCHO,PRIVADO,II-2,II,24.0,64.0,45.0,13.0,0.0,0.0,63.0,0.0,1.0,9.0,5.0,2.0,87.0,0.0,1.0,0.0,00008271,-12.004119,-77.006803,"AV. PROCERES DE LA INDEPENDENCIA 1764, MZ. G, OOTES 10-11-20-21 - URB. LAS FLORES",PRIVADO
81,CLUB DE LA SALUD,2020,12,150101,LIMA,LIMA,LIMA,PRIVADO,II-2,II,7.0,14.0,56.0,81.0,0.0,0.0,41.0,0.0,2.0,2.0,19.0,0.0,3.0,78.0,1.0,0.0,00008281,-12.0617676,-77.0900537,JR. MIGUEL ALJOVIN  NRO. 208 -222,PRIVADO
82,ESSALUD,2020,11,150134,LIMA,LIMA,SAN LUIS,ESSALUD,I-3,I,11.0,20.0,0.0,25.0,0.0,0.0,16.0,3.0,1.0,2.0,3.0,2.0,2.0,45.0,1.0,0.0,00008289,-12.0732277,-76.9919825,AVENIDA CIRCUNVALACION N° 2161 SAN LUIS,PUBLICO
83,HOSPITAL AURELIO DIAZ UFANO Y PERAL,2020,9,150132,LIMA,LIMA,SAN JUAN DE LURIGANCHO,ESSALUD,II-1,II,22.0,13.0,120.0,136.0,0.0,7.0,151.0,11.0,3.0,7.0,41.0,18.0,10.0,173.0,2.0,0.0,00008317,-11.9684779,-76.9955667,CALLE MAJES S/N G-11 - URB. LOS PINOS,PUBLICO
84,ESSALUD - HOSPITAL I JORGE VOTO BERNALES CORPANCHO,2020,12,150137,LIMA,LIMA,SANTA ANITA,ESSALUD,II-1,II,17.0,8.0,38.0,95.0,0.0,4.0,66.0,8.0,1.0,4.0,27.0,21.0,7.0,95.0,2.0,0.0,00008318,-12.04742267,-76.94735173,CARRETERA CENTRAL KM. 3.5 Nº 1351,PUBLICO
85,CLINICA CENTENARIO PERUANO JAPONESA,2020,11,150121,LIMA,LIMA,PUEBLO LIBRE,PRIVADO,II-2,II,41.0,123.0,121.0,76.0,0.0,0.0,186.0,8.0,2.0,7.0,127.0,12.0,7.0,232.0,0.0,1.0,00008325,-12.0731243,-77.059128,AV. PASO DE LOS ANDES 675,PRIVADO
86,CLINICAS SAN BERNARDO S.A.,2020,12,150121,LIMA,LIMA,PUEBLO LIBRE,PRIVADO,II-E,II,5.0,5.0,22.0,82.0,0.0,0.0,6.0,0.0,0.0,1.0,3.0,0.0,1.0,13.0,0.0,0.0,00008351,-12.085034,-77.0650309,SAN  JOSE ,PRIVADO
87,ESSALUD - HOSPITAL II VITARTE,2020,12,150103,LIMA,LIMA,ATE,ESSALUD,II-1,II,33.0,7.0,50.0,117.0,0.0,19.0,100.0,6.0,2.0,3.0,22.0,2.0,5.0,163.0,32.0,1.0,00008353,-12.02704336,-76.92369527,JR. SAN MARTIN DE PORTES 265,PUBLICO
88,POLICLINICO CHOSICA - ESSALUD,2020,2,150118,LIMA,LIMA,LURIGANCHO,ESSALUD,I-3,I,8.0,14.0,3.0,16.0,1.0,0.0,12.0,5.0,1.0,0.0,6.0,2.0,1.0,28.0,1.0,1.0,00008370,-11.9391839,-76.6995494,JR.TRUJILLO SUR 800,PUBLICO
89,POLICLINICO PROCERES,2020,12,150140,LIMA,LIMA,SANTIAGO DE SURCO,ESSALUD,I-3,I,9.0,28.0,0.0,28.0,0.0,0.0,19.0,3.0,1.0,1.0,7.0,8.0,3.0,18.0,1.0,0.0,00008378,-12.1507658,-76.9886831,"MANUEL PEREZ TUDELA BLOCK ""D"" ""B""",PUBLICO
90,TG LASER OFTALMICA S.A.,2020,12,150131,LIMA,LIMA,SAN ISIDRO,PRIVADO,II-E,II,6.0,6.0,0.0,10.0,0.0,0.0,1.0,0.0,0.0,0.0,0.0,0.0,1.0,2.0,0.0,0.0,00008388,-12.091142,-77.0384,Dos de Mayo N° 646-666,PRIVADO
91,INSTITUTO PERUANO DE ONCOLOGIA & RADIOTERAPIA,2020,11,150131,LIMA,LIMA,SAN ISIDRO,PRIVADO,I-4,I,3.0,6.0,16.0,15.0,0.0,0.0,10.0,0.0,0.0,1.0,2.0,0.0,1.0,10.0,0.0,1.0,00008389,-12.09074703,-77.01882957,AV. PABLO CARRIQUIRRY Nº 115,PRIVADO
92,CLINICA EL GOLF,2020,12,150131,LIMA,LIMA,SAN ISIDRO,PRIVADO,II-2,II,48.0,0.0,62.0,251.0,0.0,0.0,53.0,0.0,0.0,3.0,34.0,16.0,3.0,0.0,128.0,0.0,00008398,-12.0981344,-77.0534669,AV AURELIO MIROQUESADA 1030,PRIVADO
93,POLICLINICO RECONCILIACION,2020,1,70102,CALLAO,CALLAO,BELLAVISTA,PRIVADO,I-3,I,7.0,7.0,0.0,15.0,0.0,0.0,0.0,0.0,0.0,0.0,0.0,0.0,0.0,1.0,1.0,0.0,00008413,-12.06264356,-77.12268836,AV. GUARDIA CHALACA 2187 2º PISO,PRIVADO
94,POLICLINICO JUAN JOSE RODRIGUEZ LAZO,2020,12,150108,LIMA,LIMA,CHORRILLOS,ESSALUD,I-3,I,0.0,0.0,0.0,60.0,0.0,0.0,25.0,5.0,3.0,2.0,19.0,3.0,5.0,38.0,0.0,0.0,00008438,-12.1783831,-77.0046413,AV.GUARDIA PERUANA CUADRA 8 S/N CHORRILLOS,PUBLICO
95,ESSALUD - HOSPITAL III SUÁREZ ANGAMOS,2020,12,150122,LIMA,LIMA,MIRAFLORES,ESSALUD,II-2,II,56.0,68.0,69.0,239.0,0.0,0.0,161.0,6.0,6.0,3.0,45.0,35.0,15.0,195.0,58.0,1.0,00008489,-12.11346867,-77.02809522,AV. ANGAMOS ESTE Nº 261,PUBLICO
96,HOSPITAL III EMERGENCIAS GRAU,2020,12,150101,LIMA,LIMA,LIMA,ESSALUD,II-2,II,53.0,7.0,132.0,316.0,0.0,58.0,224.0,10.0,5.0,14.0,64.0,25.0,7.0,376.0,5.0,1.0,00008502,-12.0589571,-77.0312779,AVENIDA GRAU N° 351,PUBLICO
97,CLINICA UNIVERSITARIA,2020,12,150110,LIMA,LIMA,COMAS,PRIVADO,II-1,II,22.0,32.0,17.0,21.0,0.0,0.0,10.0,1.0,1.0,1.0,2.0,4.0,2.0,15.0,4.0,1.0,00008519,-11.95133646,-77.05948747,AV. UNIVERSITARIA N° 6062 Y JR. PAGADOR Nº 137 URB. SANTA LUZMILA,PRIVADO
98,POLICLINICO CHINCHA,2020,10,150101,LIMA,LIMA,LIMA,ESSALUD,I-3,I,48.0,29.0,0.0,62.0,0.0,0.0,33.0,2.0,3.0,1.0,15.0,4.0,3.0,64.0,2.0,0.0,00008539,-12.06264167,-77.03923833,JR. CHINCHA 226,PUBLICO
99,HOSPITAL I OCTAVIO MONGRUT MUÑOZ,2020,12,150136,LIMA,LIMA,SAN MIGUEL,ESSALUD,II-1,II,23.0,13.0,366.0,199.0,0.0,0.0,201.0,5.0,5.0,11.0,36.0,4.0,8.0,282.0,2.0,1.0,00008564,-12.0659612,-77.0945832,PARQUE DE LAS LEYENDAS,PUBLICO
100,HOSPITAL I MARINO MOLINA SCIPPA,2020,10,150110,LIMA,LIMA,COMAS,ESSALUD,II-1,II,47.0,6.0,116.0,185.0,0.0,0.0,165.0,9.0,3.0,7.0,32.0,32.0,5.0,256.0,3.0,0.0,00008671,-11.9438086,-77.058242,AV. GUILLERMO DE LA FUENTE NO 515 URB. SANTA LUZMILA,PUBLICO
101,POLICLINICO PABLO BERMUDEZ,2020,12,150113,LIMA,LIMA,JESUS MARIA,ESSALUD,I-3,I,33.0,62.0,0.0,17.0,0.0,0.0,16.0,3.0,1.0,1.0,14.0,1.0,3.0,31.0,0.0,0.0,00008711,-12.0726176,-77.0383011,PABLO BERMUDEZ,PUBLICO
102,HOSPITAL NACIONAL EDGARDO REBAGLIATI MARTINS,2020,10,150113,LIMA,LIMA,JESUS MARIA,ESSALUD,III-2,III,118.0,16.0,1332.0,2017.0,0.0,505.0,1836.0,8.0,38.0,73.0,415.0,127.0,53.0,2543.0,43.0,0.0,00008720,-12.0798682,-77.0402713,EDGARDO REBAGLIATI,PUBLICO
103,ULDARICO ROCCA FERNANDEZ,2020,5,150142,LIMA,LIMA,VILLA EL SALVADOR,ESSALUD,II-1,II,30.0,1.0,37.0,75.0,0.0,2.0,72.0,1.0,0.0,2.0,21.0,14.0,5.0,104.0,0.0,0.0,00008741,-12.2107672,-76.9319845,AV.SEPARADORA INDUSTRIAL Y AV. CESAR VALLEJO,PUBLICO
104,CLINICA GOOD HOPE,2020,12,150122,LIMA,LIMA,MIRAFLORES,PRIVADO,II-2,II,42.0,42.0,130.0,337.0,0.0,0.0,190.0,11.0,6.0,9.0,18.0,26.0,3.0,283.0,8.0,1.0,00008746,-12.1255566,-77.0343341,"MALECON BALTA 956, 934, 944 Y AV. GRAU N° 755",PRIVADO
105,CLINICA SAN JUAN DE DIOS,2020,5,150134,LIMA,LIMA,SAN LUIS,PRIVADO,II-1,II,31.0,15.0,122.0,102.0,0.0,0.0,54.0,0.0,2.0,3.0,10.0,8.0,3.0,102.0,2.0,1.0,00008786,-12.0655032,-76.9896222,AV. NICOLÁS ARRIOLA 3250,PRIVADO
106,CENTRO MEDICO ANCIJE,2020,2,150101,LIMA,LIMA,LIMA,ESSALUD,I-3,I,11.0,18.0,0.0,12.0,0.0,0.0,7.0,3.0,2.0,2.0,6.0,0.0,1.0,21.0,2.0,0.0,00008880,-12.0590926,-77.0401513,JR. CHOTA Nº 1449 - CERCADO DE LIMA,PUBLICO
107,POLICLINICO FRANCISCO PIZARRO,2020,12,150128,LIMA,LIMA,RIMAC,ESSALUD,I-3,I,28.0,13.0,0.0,36.0,0.0,0.0,18.0,4.0,3.0,1.0,6.0,2.0,3.0,86.0,2.0,0.0,00008881,-12.0370175,-77.0351271,AV. FRANCISCO PIZARRO 585,PUBLICO
108,CLINICA DEL INCA,2020,12,150122,LIMA,LIMA,MIRAFLORES,PRIVADO,III-2,III,10.0,20.0,19.0,28.0,0.0,0.0,38.0,0.0,1.0,1.0,1.0,1.0,1.0,0.0,2.0,4.0,00008956,-12.1304553,-77.0193066,AVENIDA 28 DE JULIO  1331,PRIVADO
109,CLINICA DE LA FAMILIA,2020,6,150114,LIMA,LIMA,LA MOLINA,PRIVADO,II-E,II,5.0,8.0,8.0,5.0,0.0,0.0,1.0,0.0,0.0,1.0,0.0,0.0,1.0,8.0,0.0,1.0,00009010,-12.0911211,-76.94933451,LAS CAOBAS 152 EL REMANSO,PRIVADO
110,ONCOGYN CLINICA INTEGRAL,2020,11,150113,LIMA,LIMA,JESUS MARIA,PRIVADO,II-E,II,0.0,0.0,5.0,7.0,0.0,0.0,3.0,0.0,0.0,0.0,0.0,0.0,1.0,2.0,0.0,0.0,00009089,-12.0750295,-77.0435289,AV. SAN FELIPE 1015 - 1017,PRIVADO
111,"CLINICA "" LIMATAMBO""",2020,12,150132,LIMA,LIMA,SAN JUAN DE LURIGANCHO,PRIVADO,II-1,II,20.0,31.0,30.0,90.0,0.0,1.0,43.0,4.0,4.0,1.0,10.0,7.0,2.0,93.0,1.0,1.0,00009090,-11.9863694,-77.0102346,AV. PROCERES DE LA INDEPENDENCIA 2701 - Y GANIMIDES 106 - 110,PRIVADO
112,ARIE,2020,10,150114,LIMA,LIMA,LA MOLINA,PRIVADO,I-2,0,3.0,3.0,0.0,11.0,0.0,0.0,0.0,0.0,12.0,0.0,25.0,0.0,0.0,0.0,7.0,0.0,00009093,-12.073987,-76.9394005,"AV. FLORA TRISTAN 194, URB. FAR WEST VILAS",PRIVADO
113,CLINICA SAN MIGUEL ARCANGEL S.A.C.,2020,12,150132,LIMA,LIMA,SAN JUAN DE LURIGANCHO,PRIVADO,II-2,II,30.0,60.0,19.0,33.0,0.0,0.0,8.0,0.0,1.0,0.0,7.0,6.0,2.0,7.0,8.0,1.0,00009104,-11.970424,-77.0038898,JR. LAS GARDENIAS 754-760 URB. - LOS JASMINES,PRIVADO
114,CLINICA SAN FELIPE S.A.,2020,12,150113,LIMA,LIMA,JESUS MARIA,PRIVADO,III-1,III,53.0,94.0,167.0,176.0,0.0,0.0,217.0,0.0,2.0,2.0,30.0,10.0,4.0,276.0,50.0,0.0,00009116,-12.0860498,-77.0540661,AV. GREGORIO ESCOBEDO N° 650,PRIVADO
115,CLINICA ANGLOAMERICANA,2020,12,150131,LIMA,LIMA,SAN ISIDRO,PRIVADO,II-2,II,69.0,138.0,90.0,169.0,0.0,3.0,157.0,2.0,0.0,9.0,25.0,5.0,5.0,122.0,0.0,0.0,00009123,-12.1085033,-77.0385183,CALLE ALFREDO SALAZAR Nº 350,PRIVADO
116,CLINICA MEDICA ZEGARRA S.A.C.,2020,7,150110,LIMA,LIMA,COMAS,PRIVADO,II-1,II,9.0,13.0,16.0,29.0,0.0,0.0,8.0,0.0,1.0,1.0,7.0,3.0,1.0,18.0,2.0,1.0,00009144,-11.945521,-77.0527159,AVENIDA TUPAC AMARU 1801 URB HUAQUILLAY - COMAS,PRIVADO
117,CLINICA MONTE SINAI,2020,12,150116,LIMA,LIMA,LINCE,PRIVADO,II-1,II,6.0,6.0,14.0,30.0,0.0,4.0,15.0,1.0,1.0,1.0,3.0,1.0,1.0,6.0,4.0,1.0,00009145,-12.0844829,-77.0406199,JR. GARCILASO DE LA VEGA 1799,PRIVADO
118,POLICLINICO SANTA CRUZ,2020,9,150122,LIMA,LIMA,MIRAFLORES,ESSALUD,I-3,I,0.0,10.0,0.0,11.0,0.0,2.0,7.0,3.0,1.0,0.0,2.0,1.0,2.0,3.0,0.0,0.0,00009148,-12.109051,-77.0498521,AV. MARISCAL LA MAR 1390 URB. SANTA CRUZ,PUBLICO
119,CLINICA MONTEFIORI,2020,11,150114,LIMA,LIMA,LA MOLINA,PRIVADO,II-2,II,39.0,78.0,45.0,213.0,0.0,0.0,62.0,2.0,1.0,1.0,6.0,7.0,1.0,65.0,1.0,1.0,00009153,-12.0681536,-76.9632882,"AV. SEPARADORA INDUSTRIAL Nº 1818-1820 (ANTES 380-390) MZ. A1. LT 17-24, URB. CACTUS",PRIVADO
120,HOSPITAL II RAMON CASTILLA,2020,9,150101,LIMA,LIMA,LIMA,ESSALUD,II-1,II,3.0,4.0,45.0,85.0,0.0,0.0,56.0,7.0,4.0,3.0,37.0,16.0,3.0,8.0,134.0,0.0,00009188,-12.0443408,-77.0440331,JIRÓN GUILLERMO DANSEY Nº 390,PUBLICO
121,CLINICA BELLAVISTA,2020,9,70102,CALLAO,CALLAO,BELLAVISTA,PRIVADO,II-1,II,14.0,2.0,16.0,35.0,0.0,0.0,41.0,0.0,0.0,0.0,6.0,0.0,3.0,52.0,5.0,0.0,00009250,-12.05760622,-77.09670376,AV. LAS GAVIOTAS 207 URB. SAN JOSE,PRIVADO
122,HOSPITAL NACIONAL GUILLERMO ALMENARA IRIGOYEN,2020,10,150115,LIMA,LIMA,LA VICTORIA,ESSALUD,III-2,III,135.0,111.0,1257.0,1377.0,0.0,287.0,1389.0,11.0,21.0,60.0,294.0,45.0,40.0,1330.0,55.0,3.0,00009251,-12.0582734,-77.022538,AV. GRAU Nº 800,PUBLICO
123,POLICLINICO FIORI,2020,2,150135,LIMA,LIMA,SAN MARTIN DE PORRES,ESSALUD,I-3,I,25.0,43.0,0.0,23.0,0.0,0.0,20.0,5.0,0.0,2.0,9.0,3.0,2.0,42.0,26.0,0.0,00009274,-12.0099265,-77.0592689,"DISTRITO DE SAN MARTIN DE PORRES CENTRO COMERCIAL FIORI BLOCK ""C"" - KM 13.5 PANAMERICANA NORTE",PUBLICO
124,CENTRO DE INVESTIGACION Y ATENCION CARDIOVASCULAR SOCIEDAD ANONIMA CERRADA,2020,12,150131,LIMA,LIMA,SAN ISIDRO,PRIVADO,II-E,II,3.0,6.0,14.0,2.0,2.0,0.0,2.0,0.0,0.0,1.0,0.0,0.0,1.0,2.0,0.0,0.0,00009288,-12.0942697,-77.0536324,"AV. SALAVERRY N° 2665  2669, URB. CONTRY CLUB",PRIVADO
125,POLICLINICO CENTRAL DE PREVENCION LARCO,2020,11,150122,LIMA,LIMA,MIRAFLORES,ESSALUD,I-3,I,7.0,14.0,0.0,22.0,0.0,0.0,1.0,6.0,1.0,0.0,12.0,0.0,0.0,18.0,1.0,0.0,00009298,-12.1241585,-77.0293361,AV. JOSE A. LARCO 670,PUBLICO
126,SAN JOAQUIN,2020,12,150132,LIMA,LIMA,SAN JUAN DE LURIGANCHO,PRIVADO,I-3,I,10.0,10.0,0.0,8.0,0.0,0.0,5.0,2.0,1.0,0.0,2.0,0.0,1.0,10.0,2.0,0.0,00009379,-12.0284702,-77.0116141,AV. GRAN CHIMU 613 - URB. ZARATE,PRIVADO
127,CLINICA RICARDO PALMA,2020,12,150131,LIMA,LIMA,SAN ISIDRO,PRIVADO,III-1,III,216.0,315.0,186.0,454.0,0.0,4.0,201.0,12.0,6.0,4.0,35.0,13.0,6.0,390.0,6.0,0.0,00009409,-12.09036833,-77.01813667,AV. JAVIER PRADO ESTE 1066,PRIVADO
128,CLÍNICA SANTA CATALINA,2020,12,150115,LIMA,LIMA,LA VICTORIA,PRIVADO,II-E,II,1.0,1.0,0.0,1.0,0.0,0.0,1.0,0.0,0.0,0.0,0.0,0.0,0.0,1.0,0.0,0.0,00009431,,,CALLE JOSE BAZZOCHI Nº 339,PRIVADO
129,CLINICA LIMATAMBO,2020,12,150131,LIMA,LIMA,SAN ISIDRO,PRIVADO,II-2,II,42.0,56.0,38.0,169.0,0.0,0.0,61.0,8.0,9.0,5.0,15.0,10.0,2.0,135.0,190.0,4.0,00009437,-12.100626,-77.0194727,AV. REPUBLICA DE PANAMA 3606,PRIVADO
130,CLÍNICA SOLIDARIA LA CAMPIÑA,2020,12,150108,LIMA,LIMA,CHORRILLOS,PRIVADO,II-E,II,,,,,,,,,,,,,,,,,00009478,-12.1876499,-77.0077636,TOLOMEO 142 148,PRIVADO
131,OCULASER SAC,2020,12,150101,LIMA,LIMA,LIMA,PRIVADO,II-E,II,4.0,4.0,0.0,4.0,0.0,0.0,2.0,0.0,0.0,0.0,2.0,0.0,0.0,7.0,0.0,0.0,00009483,,,AV. ARENALES 1181LIMA CERCADO,PRIVADO
132,OFTALMOSALUD,2020,12,150131,LIMA,LIMA,SAN ISIDRO,PRIVADO,II-E,II,18.0,34.0,0.0,20.0,0.0,0.0,8.0,0.0,0.0,0.0,0.0,0.0,1.0,18.0,15.0,1.0,00009505,-12.09024905,-77.01684303,AV. JAVIER PRADO ESTE N° 1142,PRIVADO
133,CENTRO ODONTOLÓGICO CANO ALVAREZ,2020,7,150122,LIMA,LIMA,MIRAFLORES,PRIVADO,I-3,I,6.0,6.0,0.0,0.0,0.0,0.0,0.0,6.0,0.0,0.0,0.0,0.0,0.0,2.0,1.0,0.0,00009562,-12.1272417,-77.0244212,AV. REDUCTO 900,PRIVADO
134,CLINICA MUNDO SALUD SAC,2020,12,150117,LIMA,LIMA,LOS OLIVOS,PRIVADO,II-E,II,14.0,5.0,12.0,16.0,0.0,0.0,14.0,2.0,0.0,1.0,3.0,3.0,1.0,15.0,3.0,0.0,00009641,-11.9914139,-77.076977,AV. CARLOS IZAGUIRRE NO 1234,PRIVADO
135,CLÍNICA INTERNACIONAL,2020,11,150130,LIMA,LIMA,SAN BORJA,PRIVADO,II-2,II,0.0,0.0,103.0,441.0,0.0,1.0,188.0,18.0,5.0,5.0,2.0,10.0,9.0,19.0,0.0,0.0,00009682,-12.09246393,-77.00883127,AV. GUARDIA CIVIL Nº 385,PRIVADO
136,CLÍNICA VESALIO,2020,12,150130,LIMA,LIMA,SAN BORJA,PRIVADO,II-2,II,45.0,90.0,54.0,178.0,0.0,0.0,86.0,4.0,3.0,2.0,14.0,5.0,5.0,96.0,0.0,1.0,00009850,-12.10637845,-77.0072239,JOSEPH THOMPSON,PRIVADO
137,CLINICA SAN BORJA,2020,12,150130,LIMA,LIMA,SAN BORJA,PRIVADO,III-1,III,60.0,120.0,109.0,271.0,0.0,5.0,491.0,0.0,0.0,1.0,20.0,11.0,3.0,0.0,1.0,11.0,00009886,-12.0917981,-77.0086722,AV. GUARDIA CIVIL N° 337,PRIVADO
138,CLINICA UNIPLAST S.A.C.,2020,10,150131,LIMA,LIMA,SAN ISIDRO,PRIVADO,II-1,II,2.0,3.0,3.0,3.0,0.0,0.0,1.0,0.0,0.0,0.0,0.0,0.0,0.0,1.0,0.0,0.0,00009888,,,AV. GUARDIA CIVIL 618 CORPAC,PRIVADO
139,CLINICA CARRION,2020,12,70106,CALLAO,CALLAO,VENTANILLA,PRIVADO,II-E,II,9.0,1.0,4.0,5.0,0.0,0.0,3.0,0.0,0.0,0.0,0.0,0.0,0.0,7.0,0.0,0.0,00009917,-11.87330642,-77.12571657,AV. PEDRO BELTRAN 175 URB. SATELITE VENTANILLA,PRIVADO
140,CENTRO DE ATENCION PRIMARIA II LURIN,2020,12,150119,LIMA,LIMA,LURIN,ESSALUD,I-3,I,14.0,21.0,0.0,8.0,0.0,0.0,8.0,3.0,1.0,1.0,0.0,3.0,1.0,12.0,1.0,0.0,00009979,-12.27568943,-76.87133336,AV. ANTIGUA PANAMERICANA SUR KM. 36.5,PUBLICO
141,CLINICA REPROMEDIC,2020,12,150113,LIMA,LIMA,JESUS MARIA,PRIVADO,II-E,II,5.0,8.0,10.0,12.0,0.0,4.0,4.0,0.0,0.0,1.0,2.0,4.0,2.0,10.0,3.0,0.0,00009982,-12.07129271,-77.03934408,JR.MAXIMO ABRIL Nº 585 - 589,PRIVADO
142,CLINICA SAN PABLO,2020,12,150140,LIMA,LIMA,SANTIAGO DE SURCO,PRIVADO,II-2,II,99.0,153.0,130.0,460.0,0.0,3.0,230.0,0.0,7.0,4.0,63.0,11.0,12.0,353.0,2.0,2.0,00009988,-12.10011333,-76.971695,CALLE LA CONQUISTA 145-URB. EL DERBY DE MONTERRICO,PRIVADO
143,CLINICA PADRE LUIS TEZZA,2020,12,150140,LIMA,LIMA,SANTIAGO DE SURCO,PRIVADO,II-2,II,47.0,94.0,71.0,358.0,0.0,0.0,104.0,0.0,2.0,2.0,38.0,5.0,2.0,109.0,0.0,0.0,00009989,-12.0936767,-76.9674218,JR. EL POLO 570 MONTERRICO-SANTIAGO DE SURCO,PRIVADO
144,HOSPITAL MILITAR GERIATRICO,2020,10,150108,LIMA,LIMA,CHORRILLOS,SANIDAD DEL EJERCITO DEL PERU,II-E,II,28.0,34.0,21.0,41.0,0.0,0.0,61.0,8.0,7.0,0.0,7.0,0.0,1.0,57.0,5.0,1.0,00010098,-12.16220614,-77.01971338,AV. ESCUELA MILITAR S/N,PUBLICO
145,HOSPITAL I CARLOS ALCANTARA BUTTERFIELD,2020,12,150114,LIMA,LIMA,LA MOLINA,ESSALUD,II-1,II,23.0,54.0,35.0,133.0,0.0,5.0,88.0,10.0,3.0,4.0,29.0,17.0,12.0,106.0,3.0,0.0,00010135,-12.062131,-76.9455439,AV. LOS CONSTRUCTORES 1201 - URB. COVIMA,PUBLICO
146,CLINICA JESUS DEL NORTE,2020,12,150112,LIMA,LIMA,INDEPENDENCIA,PRIVADO,II-2,II,44.0,96.0,107.0,420.0,0.0,0.0,182.0,6.0,6.0,8.0,39.0,12.0,8.0,273.0,444.0,2.0,00010182,-11.9910336,-77.0712592,AVENIDA CARLOS IZAGUIRRE 153,PRIVADO
147,CENTRO MEDICO ESPECIALIZADO VIRGEN DE LAS MERCEDES E.I.R.L,2020,11,150143,LIMA,LIMA,VILLA MARIA DEL TRIUNFO,PRIVADO,I-4,I,9.0,18.0,3.0,3.0,0.0,0.0,1.0,1.0,0.0,0.0,1.0,2.0,0.0,3.0,1.0,0.0,00010229,,,"COMITE 22-C, MZA ""A"", LOTE 01, URB.NUEVA ESPERANZA VMT.",PRIVADO
148,CLUB DE LA SALUD,2020,12,150108,LIMA,LIMA,CHORRILLOS,PRIVADO,II-2,II,19.0,29.0,57.0,79.0,0.0,0.0,45.0,0.0,2.0,1.0,8.0,4.0,3.0,51.0,67.0,0.0,00010251,-12.15719987,-77.02277876,"AV. CHORRILLOS 171 - 173, CHORRILLOS",PRIVADO
149,"CENTRO DE SALUD MILITAR ""SAN JUAN""",2020,9,150133,LIMA,LIMA,SAN JUAN DE MIRAFLORES,SANIDAD DEL EJERCITO DEL PERU,I-3,I,15.0,12.0,2.0,7.0,0.0,0.0,11.0,4.0,1.0,0.0,2.0,3.0,0.0,6.0,3.0,1.0,00010385,-12.1659451,-76.9727965,PROLONGACION AVENIDA SAN JUAN CUADRA 4 S/N SAN JUAN DE MIRAFLORES,PUBLICO
150,CESAR MORILLAS,2020,2,150140,LIMA,LIMA,SANTIAGO DE SURCO,PRIVADO,I-2,0,5.0,10.0,11.0,21.0,0.0,5.0,10.0,0.0,0.0,1.0,0.0,0.0,1.0,9.0,0.0,0.0,,,,,
151,LASER VISION CENTER & ASOCIADOS S.A.C.,2020,12,150131,LIMA,LIMA,SAN ISIDRO,PRIVADO,II-E,II,2.0,4.0,0.0,8.0,0.0,0.0,2.0,0.0,0.0,0.0,0.0,0.0,0.0,3.0,0.0,0.0,00010402,-12.090558,-77.018334,"AV. JAVIER PRADO ESTE 1066, INTERIOR 605",PRIVADO
152,ESSALUD - CLINICA GERIATRICA SAN ISIDRO LABRADOR,2020,12,150137,LIMA,LIMA,SANTA ANITA,ESSALUD,II-E,II,1.0,1.0,146.0,93.0,0.0,10.0,134.0,0.0,2.0,11.0,43.0,0.0,2.0,152.0,3.0,0.0,00010434,-12.04757833,-76.947995,"AV. CARRETERA CENTRAL 1345, KM. 3.5",PUBLICO
153,CENTRO CLINICO JESUS MARIA,2020,12,150113,LIMA,LIMA,JESUS MARIA,PRIVADO,I-3,I,8.0,12.0,0.0,23.0,0.0,1.0,14.0,5.0,1.0,1.0,3.0,12.0,1.0,12.0,2.0,0.0,00010439,,,AV. JOSÉ MARÍA PLAZA # 161,PRIVADO
154,POSTA MÉDICA POLICIAL VIPOL,2020,12,70101,CALLAO,CALLAO,CALLAO,SANIDAD DE LA POLICIA NACIONAL DEL PERU,I-2,0,6.0,7.0,0.0,1.0,0.0,0.0,1.0,1.0,1.0,0.0,0.0,2.0,0.0,8.0,0.0,0.0,00010451,-12.01221274,-77.09781813,AVENIDA NENUFARES CDRA. 4 ESQUINA CON CALLE LAS CAMELIAS CDRA.2,PUBLICO
155,CLINICA ANGLO AMERICANA,2020,12,150114,LIMA,LIMA,LA MOLINA,PRIVADO,I-3,I,13.0,26.0,0.0,53.0,0.0,0.0,14.0,0.0,0.0,0.0,3.0,0.0,2.0,8.0,0.0,0.0,00010464,,,AV. LA FONTANA 362 - URB. RESIDENCIAL MONTERRICO SUR,PRIVADO
156,CLINICA FLEMING,2020,12,150130,LIMA,LIMA,SAN BORJA,PRIVADO,II-E,II,14.0,42.0,8.0,66.0,0.0,0.0,5.0,2.0,0.0,1.0,2.0,0.0,2.0,10.0,0.0,0.0,00010467,,,JR ALEXANDER FLEMING 103 URB SAN BORJA SUR,PRIVADO
157,ILA,2020,11,150140,LIMA,LIMA,SANTIAGO DE SURCO,PRIVADO,0,0,1.0,1.0,0.0,4.0,0.0,0.0,0.0,0.0,3.0,0.0,10.0,0.0,0.0,0.0,3.0,0.0,00010498,-12.128098,-76.9859489,AV. BENAVIDES 4933-4935,PRIVADO
158,CLINICA SANTA LUCIA S.A.C.,2020,11,150130,LIMA,LIMA,SAN BORJA,PRIVADO,II-1,II,5.0,5.0,17.0,18.0,0.0,1.0,5.0,0.0,2.0,1.0,1.0,0.0,1.0,20.0,0.0,0.0,00010515,,,AV. GUARDIA CIVIL 301,PRIVADO
159,"HOSPITAL II LIMA NORTE CALLAO ""LUIS NEGREIROS VEGA"" ESSALUD",2020,7,70101,CALLAO,CALLAO,CALLAO,ESSALUD,II-2,II,25.0,25.0,162.0,286.0,0.0,24.0,293.0,5.0,5.0,16.0,88.0,33.0,18.0,377.0,5.0,0.0,00010533,-12.0157493,-77.0979946,AV. TOMAS VALLE DRA.39 - URB. VIPOL,PUBLICO
160,POLICLINICO  POLICIAL CALLAO,2020,10,70104,CALLAO,CALLAO,LA PERLA,SANIDAD DE LA POLICIA NACIONAL DEL PERU,I-3,I,6.0,7.0,0.0,6.0,0.0,0.0,2.0,1.0,2.0,0.0,0.0,2.0,1.0,13.0,0.0,1.0,00010557,-12.0723635,-77.1243416,AV. LA PAZ CDRA.11 S/N,PUBLICO
161,POSTA MEDICA POLICIAL VENTANILLA,2020,9,70106,CALLAO,CALLAO,VENTANILLA,SANIDAD DE LA POLICIA NACIONAL DEL PERU,I-2,0,3.0,3.0,0.0,3.0,3.0,0.0,1.0,2.0,3.0,0.0,0.0,1.0,0.0,6.0,0.0,0.0,00010573,-11.87151,-77.122435,AV. PEDRO BELTRAN 386 URB SATELITE,PUBLICO
162,CLÍNICA MÉDICA CAYETANO HEREDIA,2020,12,150135,LIMA,LIMA,SAN MARTIN DE PORRES,PRIVADO,II-2,II,31.0,220.0,50.0,227.0,0.0,0.0,49.0,0.0,5.0,3.0,22.0,6.0,2.0,127.0,2.0,0.0,00010603,-12.02361464,-77.05581016,AV. HONORIO DELGADO 370 INGENIERIA SMP,PRIVADO
163,POSTA MEDICA POLICIAL SEDE DIRAVPOL,2020,12,70101,CALLAO,CALLAO,CALLAO,SANIDAD DE LA POLICIA NACIONAL DEL PERU,I-2,0,2.0,2.0,0.0,1.0,0.0,0.0,0.0,1.0,0.0,0.0,0.0,0.0,0.0,7.0,0.0,0.0,00010610,-12.02711419,-77.10366345,AV. ELMER FAUCETT 3900,PUBLICO
164,CLÍNICA PERUANA DE LA VISION,2020,10,150113,LIMA,LIMA,JESUS MARIA,PRIVADO,II-E,II,4.0,6.0,0.0,3.0,0.0,0.0,0.0,0.0,0.0,0.0,0.0,0.0,0.0,0.0,0.0,0.0,00010669,-12.07644535,-77.04263247,MAYTA CAPAC,PRIVADO
165,CLINICA OFTALMOLOGICA WONG,2020,10,150131,LIMA,LIMA,SAN ISIDRO,PRIVADO,II-E,II,4.0,4.0,0.0,4.0,0.0,0.0,2.0,0.0,0.0,0.0,2.0,0.0,0.0,7.0,0.0,0.0,00010739,,,"AV. GUARDIA CIVIL 554, CORPAC, SAN ISIDRO",PRIVADO
166,CLINICA STELLA MARIS,2020,12,150121,LIMA,LIMA,PUEBLO LIBRE,PRIVADO,II-2,II,36.0,72.0,56.0,167.0,0.0,0.0,108.0,8.0,0.0,3.0,25.0,12.0,3.0,180.0,1.0,0.0,00010743,-12.07139763,-77.05928362,AV. PASO DE LOS ANDES Nº 923,PRIVADO
167,HOSPITAL CENTRAL DE LA FUERZA AEREA DEL PERU,2020,1,150122,LIMA,LIMA,MIRAFLORES,SANIDAD DE LA FUERZA AEREA DEL PERU,III-1,III,117.0,155.0,283.0,289.0,0.0,23.0,243.0,51.0,14.0,8.0,60.0,13.0,8.0,495.0,11.0,3.0,00010751,-12.10342333,-77.029825,AV. ARAMBURU 2DA. CUADRA S/N,PUBLICO
168,TRAUMATOLOGIA Y ORTOPEDIA AYBAR & AS SAC,2020,12,150113,LIMA,LIMA,JESUS MARIA,PRIVADO,II-1,II,3.0,3.0,3.0,5.0,0.0,0.0,1.0,0.0,0.0,0.0,0.0,0.0,0.0,1.0,0.0,0.0,00010776,,,AV. SAN FELIPE N° 142,PRIVADO
169,HOGAR DE LA MADRE CLINICA-HOSPITAL,2020,12,150122,LIMA,LIMA,MIRAFLORES,OTRO,II-2,II,0.0,5.0,25.0,28.0,0.0,0.0,10.0,0.0,0.0,1.0,0.0,22.0,1.0,27.0,32.0,0.0,00010827,-12.1044188,-77.0295839,GERVASIO SANTILLANA Nº 260,PUBLICO
170,centro Especializado en Odontoestomatología,2020,12,150121,LIMA,LIMA,PUEBLO LIBRE,PRIVADO,II-1,II,,,,,,,,,,,,,,,,,00010831,,,AV. SIMON BOLIVAR NO165 - PUEBLO LIBRE,PRIVADO
171,OFTALMIC SERVICE SAC,2020,12,150130,LIMA,LIMA,SAN BORJA,PRIVADO,II-E,II,8.0,3.0,0.0,8.0,0.0,0.0,0.0,0.0,0.0,0.0,0.0,0.0,0.0,0.0,0.0,0.0,00011056,-12.1096109,-76.9957696,AV. GEMINIS H-17 URB PAPA JUAN XXIII,PRIVADO
172,CLINICA LA LUZ S.A.C.,2020,12,150101,LIMA,LIMA,LIMA,PRIVADO,II-1,II,23.0,46.0,9.0,90.0,0.0,1.0,4.0,2.0,2.0,4.0,1.0,2.0,1.0,7.0,0.0,1.0,00011087,,,AV. AREQUIPA 1148 - URB. SANTA BEATRIZ,PRIVADO
173,CLINICA CAMPBELL,2020,5,150140,LIMA,LIMA,SANTIAGO DE SURCO,PRIVADO,II-E,II,1.0,1.0,2.0,4.0,0.0,0.0,2.0,0.0,0.0,0.0,0.0,0.0,0.0,2.0,0.0,0.0,00011110,,,AV. BENAVIDES 4813  LAS GARDENIAS,PRIVADO
174,CLINICA MONTERRICO,2020,10,150140,LIMA,LIMA,SANTIAGO DE SURCO,PRIVADO,II-E,II,26.0,22.0,5.0,33.0,0.0,0.0,8.0,1.0,0.0,1.0,2.0,5.0,2.0,12.0,2.0,1.0,00011113,-12.103083,-76.973925,AV. MANUEL OLGUIN 1045 - 1047,PRIVADO
175,OFTALMOMEDIC,2020,11,150101,LIMA,LIMA,LIMA,PRIVADO,II-E,II,7.0,14.0,0.0,15.0,0.0,0.0,2.0,0.0,0.0,0.0,0.0,0.0,1.0,6.0,0.0,0.0,00011167,-12.0764991,-77.0357292,AV AREQUIPA 1180  SANTA BEATRIZ,PRIVADO
176,INSTITUTO DE SALUD LIBERTAD SAC,2020,9,150122,LIMA,LIMA,MIRAFLORES,PRIVADO,I-2,0,9.0,9.0,0.0,2.0,0.0,0.0,0.0,0.0,4.0,0.0,0.0,0.0,0.0,0.0,1.0,0.0,00011177,-12.12208822,-77.02580161,V. ERNESTO DIEZ CANSECO 493 1ER Y 2DO PISO,PRIVADO
177,CONSULTORIOS LIMATAMBO SEDE MINKA,2020,12,70101,CALLAO,CALLAO,CALLAO,PRIVADO,I-2,0,9.0,9.0,0.0,15.0,0.0,0.0,3.0,0.0,0.0,0.0,1.0,0.0,1.0,7.0,0.0,0.0,00011182,-12.04754917,-77.11162961,AV. ARGENTINA 3093 LOCAL 214 CALLE 3 PABELLON 4 MULTIMERCADOS ZONALES MINKA,PRIVADO
178,POLICLINICO PNP ZARATE,2020,10,150132,LIMA,LIMA,SAN JUAN DE LURIGANCHO,SANIDAD DE LA POLICIA NACIONAL DEL PERU,I-3,I,7.0,10.0,0.0,4.0,0.0,0.0,3.0,3.0,2.0,0.0,2.0,1.0,0.0,14.0,0.0,1.0,,,,,
179,POSTA MEDICA PNP CHACLACAYO,2020,12,150107,LIMA,LIMA,CHACLACAYO,SANIDAD DE LA POLICIA NACIONAL DEL PERU,I-2,0,3.0,0.0,0.0,0.0,0.0,0.0,2.0,0.0,0.0,0.0,0.0,0.0,0.0,6.0,0.0,0.0,00011227,-11.9770181,-76.765415,AV.EL ROSARIO S/N (2DA CUADRA),PUBLICO
180,CLINICA SAN VICENTE S.A.,2020,12,150135,LIMA,LIMA,SAN MARTIN DE PORRES,PRIVADO,II-1,II,9.0,9.0,29.0,47.0,0.0,0.0,12.0,0.0,0.0,0.0,3.0,3.0,3.0,24.0,8.0,1.0,00011241,,,AV PERÚ 3220,PRIVADO
181,IPOR CLINICA ESPECIALIZADA ONCOLOGIA & CIRUGIA,2020,12,150130,LIMA,LIMA,SAN BORJA,PRIVADO,II-E,II,3.0,6.0,16.0,15.0,0.0,0.0,10.0,0.0,0.0,1.0,2.0,0.0,1.0,10.0,0.0,1.0,,,,,
182,CONFÍA INSTITUTO OFTALMOLÓGICO,2020,11,150131,LIMA,LIMA,SAN ISIDRO,PRIVADO,II-E,II,4.0,4.0,0.0,4.0,0.0,0.0,2.0,0.0,0.0,0.0,2.0,0.0,0.0,7.0,0.0,0.0,00011358,-12.0950449,-77.013359,AV. JOSE GALVEZ BARRENECHEA Nº 356  URB. CORPAC,PRIVADO
183,FUTURO VISION,2020,12,150130,LIMA,LIMA,SAN BORJA,PRIVADO,II-E,II,4.0,4.0,0.0,4.0,0.0,0.0,2.0,0.0,0.0,0.0,2.0,0.0,0.0,7.0,0.0,0.0,00011372,-12.1014141,-77.0036037,AV. SAN BORJA SUR Nº 536,PRIVADO
184,CLINICA SAN JUDAS TADEO,2020,10,150136,LIMA,LIMA,SAN MIGUEL,PRIVADO,II-2,II,50.0,107.0,56.0,180.0,0.0,0.0,92.0,17.0,2.0,3.0,33.0,10.0,4.0,1.0,122.0,122.0,00011401,-12.0798457,-77.0821207,CALLE MANUEL RAYGADA Nº 170 (ANEXO EN CALLE LAUREANO MARTINEZ Nº 140) - URB EL CAMPILLO,PRIVADO
185,CLINICA CONTINENTAL,2020,12,150130,LIMA,LIMA,SAN BORJA,PRIVADO,II-E,II,5.0,8.0,3.0,6.0,0.0,0.0,1.0,0.0,0.0,0.0,1.0,0.0,0.0,5.0,0.0,0.0,00011547,-12.10144912,-77.0037458,AV. SAN BORJA SUR N° 526,PRIVADO
186,CLÍNICA NORVISION,2020,12,150121,LIMA,LIMA,PUEBLO LIBRE,PRIVADO,II-E,II,8.0,8.0,0.0,4.0,0.0,0.0,2.0,0.0,0.0,0.0,0.0,0.0,1.0,2.0,0.0,0.0,00011741,-12.0709888,-77.0588865,AV.PASO DE LOS ANDES 850 PUEBLO LIBRE,PRIVADO
187,CLINICA LOS ANDES SAC,2020,12,150122,LIMA,LIMA,MIRAFLORES,PRIVADO,II-E,II,19.0,32.0,15.0,65.0,0.0,0.0,13.0,1.0,1.0,1.0,6.0,0.0,1.0,18.0,1.0,1.0,00011750,-12.1046353,-77.0321406,CALLE ASUNCION Nº 177,PRIVADO
188,CLINICA VIRGEN DEL ROSARIO SRL,2020,12,150120,LIMA,LIMA,MAGDALENA DEL MAR,PRIVADO,II-1,II,10.0,10.0,20.0,20.0,0.0,0.0,11.0,0.0,0.0,0.0,2.0,4.0,1.0,15.0,0.0,0.0,00011803,-12.087677,-77.072517,JR. CASTILLA N° 976,PRIVADO
189,CLINICA MIRAFLORES SAC,2020,12,150122,LIMA,LIMA,MIRAFLORES,PRIVADO,II-E,II,14.0,24.0,23.0,28.0,0.0,0.0,12.0,0.0,1.0,1.0,2.0,5.0,1.0,19.0,3.0,0.0,00011849,-12.111062,-77.0315913,CALLE J.A. ENCINAS 141 URBANIZACIÓN EL ROSEDAL,PRIVADO
190,POLICLINICO PNP SAN MARTIN DE PORRES,2020,12,150135,LIMA,LIMA,SAN MARTIN DE PORRES,SANIDAD DE LA POLICIA NACIONAL DEL PERU,I-3,I,8.0,5.0,0.0,4.0,0.0,0.0,3.0,2.0,1.0,1.0,0.0,0.0,1.0,12.0,0.0,0.0,00011876,-12.03031463,-77.07626737,EL CHACO 2850,PUBLICO
191,CLINICA CHORRILLOS,2020,12,150108,LIMA,LIMA,CHORRILLOS,PRIVADO,II-E,II,8.0,4.0,11.0,3.0,0.0,0.0,3.0,0.0,0.0,0.0,1.0,1.0,0.0,3.0,6.0,0.0,00011950,,,AV. DEFENSORES DEL MORRO N°1201,PRIVADO
192,CLINICA OFTALMOLOGICA ESPECIALIZADA ÑAHUI,2020,4,150141,LIMA,LIMA,SURQUILLO,PRIVADO,II-E,II,0.0,0.0,0.0,43.0,0.0,0.0,3.0,0.0,0.0,0.0,1.0,0.0,0.0,15.0,30.0,0.0,00012020,-12.1135576,-77.0240858,AV. ANGAMOS ESTE Nº 714 - 1ER 2DO Y 3ER PISO,PRIVADO
193,CLINICA MEDICA PRIMAVERA,2020,12,150117,LIMA,LIMA,LOS OLIVOS,PRIVADO,II-E,II,5.0,5.0,5.0,5.0,0.0,0.0,1.0,0.0,1.0,0.0,1.0,6.0,2.0,4.0,4.0,0.0,00012106,-12.0086397,-77.0757266,JR. LOS JAZMINES N° 122 URB. PRIMAVERA - LOS OLIVOS,PRIVADO
194,DETECTA CLINICA,2020,12,150141,LIMA,LIMA,SURQUILLO,PRIVADO,II-E,II,5.0,10.0,18.0,30.0,0.0,5.0,40.0,0.0,0.0,1.0,6.0,0.0,2.0,40.0,0.0,0.0,00012206,-12.11171,-76.9978903,AV. ANGAMOS ESTE N° 2688,PRIVADO
195,CLINICA MONTESUR,2020,12,150140,LIMA,LIMA,SANTIAGO DE SURCO,PRIVADO,II-E,II,29.0,49.0,35.0,71.0,0.0,0.0,41.0,0.0,0.0,0.0,3.0,8.0,1.0,91.0,1.0,0.0,00012219,-12.09496596,-76.96820787,AV. EL POLO NRO. 505 URB. EL DERBY MONTERRICO,PRIVADO
196,CLINICA REAL LOS LAURELES SAC,2020,11,150108,LIMA,LIMA,CHORRILLOS,PRIVADO,II-E,II,3.0,3.0,7.0,3.0,0.0,0.0,3.0,0.0,0.0,0.0,0.0,1.0,1.0,2.0,0.0,1.0,00012220,-12.17477494,-77.02035538,CALLE ARMANDO CAMBANA Nº279 URB. LOS LAURELES - CHORRILLOS,PRIVADO
197,CLINICA SERVICIOS MEDICOS INTEGRALES SAN MARCOS,2020,12,150132,LIMA,LIMA,SAN JUAN DE LURIGANCHO,PRIVADO,II-E,II,22.0,35.0,15.0,43.0,0.0,0.0,16.0,0.0,1.0,1.0,0.0,4.0,2.0,23.0,30.0,0.0,00012267,,,AV. SANTA ROSA 1719 - URB. INCA MANCO CAPAC,PRIVADO
198,POLICLINICO PNP DINOES,2020,10,150103,LIMA,LIMA,ATE,SANIDAD DE LA POLICIA NACIONAL DEL PERU,I-3,I,5.0,2.0,0.0,5.0,0.0,0.0,2.0,0.0,2.0,0.0,0.0,0.0,1.0,9.0,0.0,1.0,00012275,-12.0388483,-76.9158893,AV. MARCO PUENTE LLANOS S/N - VITARTE,PUBLICO
199,MISION MEDICA SAC,2020,12,150130,LIMA,LIMA,SAN BORJA,PRIVADO,0,0,0.0,0.0,0.0,25.0,1.0,0.0,8.0,0.0,0.0,0.0,0.0,0.0,0.0,17.0,0.0,8.0,00012366,-12.0862486,-76.9879261,"AV, JAVIER PRADO ESTE 3542",PRIVADO
200,CLINICA DE OJOS VISUAL OPHTHALMICS,2020,4,150121,LIMA,LIMA,PUEBLO LIBRE,PRIVADO,II-E,II,3.0,3.0,0.0,2.0,0.0,0.0,1.0,0.0,0.0,0.0,0.0,0.0,0.0,2.0,0.0,0.0,00012492,,,AV GENERAL JOSE MARIA EGUSQUIZA,PRIVADO
201,CLINICA PAULISTA DEL PERU S.A.C,2020,12,150140,LIMA,LIMA,SANTIAGO DE SURCO,PRIVADO,II-E,II,3.0,3.0,1.0,4.0,0.0,0.0,3.0,0.0,0.0,0.0,1.0,0.0,0.0,4.0,2.0,0.0,00012572,-12.1237169,-76.9992829,AV. AVIACION NRO. 4786   - SANTIAGO DE SURCO,PRIVADO
202,CLINICA JAVIER PRADO,2020,12,150131,LIMA,LIMA,SAN ISIDRO,PRIVADO,II-2,II,58.0,58.0,66.0,252.0,0.0,0.0,110.0,0.0,0.0,0.0,0.0,6.0,3.0,113.0,0.0,0.0,00012633,-12.090915,-77.028305,AV. JAVIER PRADO ESTE 499 URB. JARDIN LIMA- SAN ISIDRO,PRIVADO
203,POLICLINICO  PNP CARABAYLLO,2020,11,150106,LIMA,LIMA,CARABAYLLO,SANIDAD DE LA POLICIA NACIONAL DEL PERU,I-3,I,1.0,1.0,0.0,0.0,0.0,0.0,2.0,1.0,3.0,1.0,3.0,1.0,1.0,12.0,0.0,0.0,00012664,-11.8916733,-77.0368364,MZ. G-1 LOTE 15 URB EDWIN VASQUEZ CAM,PUBLICO
204,CLINICA PROVIDENCIA,2020,12,150136,LIMA,LIMA,SAN MIGUEL,PRIVADO,II-2,II,49.0,98.0,50.0,279.0,0.0,0.0,58.0,2.0,2.0,2.0,20.0,4.0,2.0,90.0,1.0,1.0,00012666,,,CALLE CARLOS GONZALES 250 URB. MARANGA,PRIVADO
205,UNIDAD EJECUTORA 020: SANIDAD DE LA PNP - POLICLINICO PNP SAN DIEGO,2020,12,150135,LIMA,LIMA,SAN MARTIN DE PORRES,SANIDAD DE LA POLICIA NACIONAL DEL PERU,I-2,0,4.0,3.0,0.0,1.0,0.0,0.0,2.0,2.0,1.0,0.0,1.0,2.0,0.0,20.0,0.0,0.0,00012739,,,MZ. T-1 S/N URB: SAN DIEGO KM.22.50 PANAMERICA NORTE,PUBLICO
206,POLICLINICO PNP MININTER,2020,11,150131,LIMA,LIMA,SAN ISIDRO,SANIDAD DE LA POLICIA NACIONAL DEL PERU,I-3,I,6.0,6.0,0.0,3.0,0.0,0.0,4.0,2.0,2.0,0.0,1.0,1.0,0.0,12.0,0.0,1.0,00012740,-12.09755453,-77.01516128,AV CANAVAL Y MOREYRA (AV CORPAC) S/N - INTERIOR DE MINISTERIO DEL INTERIOR,PUBLICO
207,POSTA MEDICA PNP INDEPENDENCIA,2020,10,150112,LIMA,LIMA,INDEPENDENCIA,SANIDAD DE LA POLICIA NACIONAL DEL PERU,I-2,0,4.0,1.0,0.0,2.0,0.0,0.0,4.0,1.0,2.0,0.0,1.0,0.0,0.0,11.0,0.0,0.0,00012741,-11.9929208,-77.0518169,AV TUPAC AMARU S/N KM 4.5 (COMISARIA DE INDEPENDENCIA),PUBLICO
208,CENTRO ODONTOLOGICO PNP ANGAMOS,2020,12,150141,LIMA,LIMA,SURQUILLO,SANIDAD DE LA POLICIA NACIONAL DEL PERU,I-3,I,26.0,12.0,0.0,0.0,0.0,0.0,0.0,15.0,0.0,0.0,0.0,0.0,0.0,17.0,0.0,0.0,00012822,-12.11321922,-77.02318933,AV ANGAMOS ESTE 833-835,PUBLICO
209,POLICLINICO PNP WALTER ROSALES,2020,12,150141,LIMA,LIMA,SURQUILLO,SANIDAD DE LA POLICIA NACIONAL DEL PERU,I-3,I,2.0,2.0,0.0,6.0,0.0,0.0,2.0,0.0,2.0,0.0,1.0,0.0,0.0,6.0,0.0,1.0,00012885,-12.1157347,-77.0190228,CALLE LOS RUISEÑORES S/N - COMPLEJO  PNP ARAMBURU,PUBLICO
210,POSTA MEDICA POLICIAL SEDE ESCUELA PUENTE PIEDRA,2020,12,150125,LIMA,LIMA,PUENTE PIEDRA,SANIDAD DE LA POLICIA NACIONAL DEL PERU,I-2,0,2.0,2.0,144.0,4.0,1.0,0.0,2.0,0.0,2.0,1.0,2.0,1.0,0.0,18.0,0.0,2.0,00012923,-11.89620405,-77.07488297,ALTURA KM 27.5 PANAMERICANA NORTE,PUBLICO
211,CLINICA SANTA MARIA,2020,10,150141,LIMA,LIMA,SURQUILLO,PRIVADO,II-E,II,4.0,6.0,20.0,12.0,0.0,0.0,8.0,0.0,0.0,1.0,5.0,2.0,2.0,12.0,0.0,0.0,00012947,,,CALLE LAS AGUILAS NO. 360 URB. LIMATAMBO,PRIVADO
212,CL ESPECIALIDADES MEDICAS,2020,12,150130,LIMA,LIMA,SAN BORJA,PRIVADO,II-1,II,24.0,48.0,13.0,82.0,0.0,0.0,16.0,14.0,1.0,1.0,2.0,0.0,2.0,27.0,0.0,0.0,00012975,-12.1059423,-77.0015215,JR EDUARDO ORDOÑEZ 468,PRIVADO
213,CENTRO DE ATENCIÓN PRIMARIA III SAN JUAN DE MIRAFLORES,2020,12,150133,LIMA,LIMA,SAN JUAN DE MIRAFLORES,ESSALUD,I-3,I,0.0,0.0,0.0,29.0,0.0,0.0,24.0,6.0,2.0,1.0,3.0,3.0,2.0,22.0,2.0,0.0,00013012,-12.1643037,-76.9692522,AV. CANEVARO CON AV. VARGAS MACHUCA S/N,PUBLICO
214,MEGASALUD NARANJAL S.A.C.,2020,12,150117,LIMA,LIMA,LOS OLIVOS,PRIVADO,II-E,II,5.0,10.0,7.0,12.0,0.0,0.0,6.0,0.0,0.0,1.0,1.0,8.0,1.0,10.0,5.0,0.0,00013044,,,AV. NARANJAL 1582 URB PARQUE NARANJAL 2DA ETAPA,PRIVADO
215,CLINICA CEDRON,2020,12,150140,LIMA,LIMA,SANTIAGO DE SURCO,PRIVADO,II-E,II,1.0,1.0,6.0,5.0,0.0,0.0,4.0,0.0,0.0,1.0,0.0,0.0,0.0,4.0,0.0,0.0,00013064,-12.10462764,-76.97291772,EL POLO 438,PRIVADO
216,ESSALUD,2020,9,150141,LIMA,LIMA,SURQUILLO,ESSALUD,I-3,I,5.0,8.0,0.0,9.0,0.0,0.0,10.0,3.0,0.0,0.0,1.0,2.0,1.0,4.0,0.0,0.0,00013091,-12.1042369,-77.020628,AV LOS HALCONES 414 URB LIMATAMBO,PUBLICO
217,CENTRO CLINICO ZARATE,2020,12,150132,LIMA,LIMA,SAN JUAN DE LURIGANCHO,PRIVADO,I-3,I,8.0,14.0,0.0,18.0,0.0,0.0,10.0,3.0,2.0,1.0,3.0,3.0,1.0,11.0,2.0,0.0,00013215,-12.023497,-77.004605,"CALLE SANTA MONICA 624-628, URB. ASCARRUNZ",PRIVADO
218,CLINICA SANTA ISABEL,2020,10,150130,LIMA,LIMA,SAN BORJA,PRIVADO,II-E,II,17.0,101.0,26.0,44.0,0.0,0.0,47.0,0.0,0.0,1.0,2.0,23.0,2.0,74.0,1.0,0.0,00013383,-12.08939693,-77.00737837,GUARDIA CIVIL,PRIVADO
219,HOSPITAL NACIONAL POLICIA NACIONAL DEL PERU GRAL PNP LUIS N. SAENZ.,2020,9,150113,LIMA,LIMA,JESUS MARIA,SANIDAD DE LA POLICIA NACIONAL DEL PERU,III-1,III,134.0,154.0,411.0,308.0,0.0,74.0,326.0,22.0,22.0,8.0,98.0,35.0,19.0,1045.0,5.0,6.0,00013591,-12.0839746,-77.0611078,AVENIDA BRASIL CUADRA 26 S/N,PUBLICO
220,CENTRO DE REHABILITACIÓN INFANTIL - ARIE,2020,10,150142,LIMA,LIMA,VILLA EL SALVADOR,PRIVADO,0,0,2.0,2.0,0.0,4.0,0.0,0.0,0.0,0.0,7.0,0.0,21.0,0.0,0.0,0.0,4.0,0.0,00013687,-12.2211166,-76.9386657,"AV. MICAELA BASTIDAS CDRA 8 S/N,  SECTOR 14,  GRUPO 24,  RUTA B",PRIVADO
221,CENTRO DE REHABILITACION INFANTIL -  ARIE,2020,9,150110,LIMA,LIMA,COMAS,PRIVADO,0,0,3.0,3.0,0.0,3.0,0.0,0.0,0.0,0.0,4.0,0.0,14.0,0.0,0.0,0.0,5.0,0.0,00013834,-11.94175967,-77.06391131,AV. GUILLERMO DE LA FUENTE MZ Q1 1º Y 2º PISO URB STA LUZMILA ESQUINA CON JR. MARIANO ANGULO,PRIVADO
222,OFTALMOSALUD,2020,12,150140,LIMA,LIMA,SANTIAGO DE SURCO,PRIVADO,II-E,II,2.0,0.0,0.0,2.0,0.0,0.0,0.0,0.0,0.0,0.0,0.0,0.0,1.0,1.0,1.0,1.0,00013900,-12.1013902,-76.970967,"EL POLO N° 670, OFIC. A-401, A-402, A-403, 4TO. PISO, C. RES. LIMA POLO AND HUNT CLUB, DISTRITO DE SANTIAGO DE SURCO",PRIVADO
223,HOSPITAL DE LA MUJER.,2020,8,150141,LIMA,LIMA,SURQUILLO,PRIVADO,II-E,II,4.0,2.0,2.0,2.0,0.0,0.0,0.0,0.0,0.0,0.0,0.0,0.0,0.0,1.0,0.0,0.0,00013952,,,AV MARISCAL ANDRES AVELINO CACERES 559-563,PRIVADO
224,CLINICA SERVISALUD,2020,12,150113,LIMA,LIMA,JESUS MARIA,PRIVADO,II-E,II,9.0,20.0,9.0,2.0,0.0,0.0,7.0,0.0,0.0,0.0,4.0,0.0,1.0,14.0,0.0,0.0,00014181,-12.07143353,-77.03949486,JR.MAXIMO ABRIL 552,PRIVADO
225,INSTITUTO DEL CEREBRO Y LA COLUMNA VERTEBRAL,2020,12,150122,LIMA,LIMA,MIRAFLORES,PRIVADO,II-E,II,3.0,6.0,8.0,15.0,0.0,0.0,10.0,0.0,0.0,0.0,2.0,0.0,0.0,6.0,5.0,0.0,00014361,,,ALFREDO BENAVIDES,PRIVADO
226,CLINICA SAN GABRIEL S.A.C.,2020,10,150136,LIMA,LIMA,SAN MIGUEL,PRIVADO,II-2,II,104.0,82.0,90.0,174.0,0.0,15.0,219.0,6.0,2.0,4.0,59.0,14.0,7.0,0.0,0.0,1.0,00014501,-12.07636667,-77.09578,AV. LA MARINA 2945-2949-2955-2965 MARANGA- SAN MIGUEL,PRIVADO
227,CLINICA SAN MARTIN,2020,12,150132,LIMA,LIMA,SAN JUAN DE LURIGANCHO,PRIVADO,II-E,II,3.0,5.0,12.0,12.0,0.0,0.0,11.0,2.0,0.0,1.0,3.0,0.0,1.0,0.0,0.0,0.0,00014509,,,AV. PROCERES DE LA INDEPENDENCIA 576,PRIVADO
228,HOSPITAL GERIATRICO PNP SAN JOSE,2020,12,150136,LIMA,LIMA,SAN MIGUEL,SANIDAD DE LA POLICIA NACIONAL DEL PERU,II-E,II,2.0,2.0,28.0,26.0,0.0,6.0,30.0,1.0,9.0,2.0,12.0,0.0,2.0,86.0,1.0,2.0,00014718,-12.08667016,-77.08067194,JR RAMON CASTILLA 590,PUBLICO
229,LIGA CONTRA EL CÁNCER,2020,12,150121,LIMA,LIMA,PUEBLO LIBRE,PRIVADO,II-E,II,15.0,23.0,0.0,34.0,0.0,0.0,2.0,0.0,0.0,1.0,3.0,6.0,0.0,13.0,7.0,0.0,00015077,,,AVENIDA BRASIL 2746,PRIVADO
230,NOVO Q,2020,12,150130,LIMA,LIMA,SAN BORJA,PRIVADO,II-E,II,1.0,2.0,2.0,2.0,1.0,0.0,2.0,0.0,0.0,1.0,0.0,0.0,1.0,1.0,0.0,0.0,00015078,-12.0963822,-77.00561798,AV. DE LAS ARTES SUR,PRIVADO
231,CLINICA MAISON DE SANTE DEL ESTE,2020,10,150140,LIMA,LIMA,SANTIAGO DE SURCO,PRIVADO,II-2,II,17.0,32.0,56.0,162.0,0.0,0.0,70.0,0.0,2.0,2.0,17.0,15.0,3.0,123.0,1.0,0.0,00015118,,,"AV. PROLONGACION ALFREDO BENAVIDES 5362 URB. LAS GARDENIAS, SANTIAGO DE SURCO",PRIVADO
232,CLINICA ASTOCONDOR,2020,12,150130,LIMA,LIMA,SAN BORJA,PRIVADO,II-E,II,1.0,3.0,5.0,6.0,0.0,0.0,1.0,0.0,0.0,0.0,0.0,0.0,0.0,4.0,0.0,1.0,00015143,-12.0967588,-76.9892193,AV BOULEVARD 610 1ER PISO Y SOTANO,PRIVADO
233,CLINICA KIRSCHBAUM,2020,12,150130,LIMA,LIMA,SAN BORJA,PRIVADO,II-E,II,2.0,2.0,10.0,12.0,0.0,2.0,5.0,0.0,0.0,0.0,0.0,0.0,0.0,3.0,0.0,0.0,00015179,-12.08640906,-76.99374652,AV. JAVIER PRADO ESTE 2973,PRIVADO
234,OPTIMA VISION S.R.L.,2020,6,150122,LIMA,LIMA,MIRAFLORES,PRIVADO,II-E,II,6.0,6.0,0.0,6.0,0.0,0.0,3.0,0.0,0.0,0.0,1.0,0.0,1.0,0.0,0.0,0.0,00015182,,,AV. ANGAMOS OESTE 884,PRIVADO
235,MEDICAL PLASTIC,2020,12,150120,LIMA,LIMA,MAGDALENA DEL MAR,PRIVADO,II-E,II,1.0,1.0,4.0,2.0,0.0,0.0,1.0,0.0,0.0,0.0,0.0,0.0,0.0,3.0,0.0,0.0,00015349,-12.08961173,-77.06552914,AV BRASIL 3281,PRIVADO
236,VISTASALUD CENTRO OFTALMOLOGICO,2020,12,150140,LIMA,LIMA,SANTIAGO DE SURCO,PRIVADO,II-E,II,3.0,6.0,0.0,1.0,0.0,0.0,0.0,0.0,0.0,0.0,0.0,0.0,0.0,0.0,0.0,0.0,00015461,-12.1065195,-76.9716622,"AV. LA ENCALADA N° 923, URB. CENTRO COMERCIAL MONTERRICO",PRIVADO
237,CENTRO DE ATENCION PRIMARIA-CAP III SAN ISIDRO-ESSALUD,2020,10,150131,LIMA,LIMA,SAN ISIDRO,ESSALUD,I-2,0,7.0,9.0,0.0,15.0,0.0,1.0,6.0,3.0,1.0,1.0,2.0,1.0,2.0,9.0,6.0,0.0,00015471,-12.1083451,-77.053404,AV. PEREZ ARANIBAR 1551,PUBLICO
238,Clínica Internacional - Sede Lima,2020,12,150101,LIMA,LIMA,LIMA,PRIVADO,II-2,II,63.0,63.0,86.0,366.0,0.0,2.0,196.0,14.0,6.0,4.0,26.0,12.0,10.0,57.0,0.0,0.0,00015610,-12.05836675,-77.03836239,JR. WASHINGTON 1471,PRIVADO
239,CLINICA GONZALEZ S.A.,2020,12,150116,LIMA,LIMA,LINCE,PRIVADO,II-E,II,41.0,41.0,23.0,90.0,0.0,0.0,19.0,5.0,3.0,1.0,3.0,5.0,1.0,23.0,3.0,1.0,00015684,-12.08318206,-77.03271098,AVENIDA IGNACIO MERINO 1884,PRIVADO
240,CLÍNICA VISTA,2020,12,150113,LIMA,LIMA,JESUS MARIA,PRIVADO,II-E,II,4.0,4.0,0.0,4.0,0.0,0.0,2.0,0.0,0.0,0.0,2.0,0.0,0.0,7.0,0.0,0.0,00015716,,,JIRON CARACAS 2410,PRIVADO
241,CLINICA SAN MARCOS,2020,12,150105,LIMA,LIMA,BREÑA,PRIVADO,II-E,II,20.0,12.0,23.0,24.0,0.0,6.0,13.0,1.0,0.0,1.0,2.0,0.0,1.0,10.0,0.0,0.0,00015718,-12.0637223,-77.0480458,JR HUARAZ 1425,PRIVADO
242,CLINICA DE OJOS D´OPELUCE,2020,4,150116,LIMA,LIMA,LINCE,PRIVADO,II-E,II,12.0,24.0,0.0,0.0,0.0,0.0,1.0,0.0,0.0,0.0,0.0,0.0,1.0,41.0,0.0,0.0,00015927,-12.0832995,-77.034389,AV AREQUIPA 1885,PRIVADO
243,CENTRO DE CIRUGÍA ESTÉTICA LAS CONDES,2020,10,150130,LIMA,LIMA,SAN BORJA,PRIVADO,II-E,II,6.0,12.0,6.0,1.0,0.0,0.0,2.0,0.0,0.0,0.0,0.0,0.0,0.0,4.0,2.0,0.0,00015934,-12.08711848,-76.99436968,AV. JAVIER PRADO ESTE N° 2970,PRIVADO
244,CLINICA PARROQUIAL SAN FRANCISCO DE ASIS,2020,2,150108,LIMA,LIMA,CHORRILLOS,PRIVADO,II-1,II,13.0,22.0,12.0,31.0,0.0,0.0,6.0,2.0,0.0,1.0,2.0,7.0,6.0,2.0,0.0,0.0,00016005,,,CALLE JUSTO NAVEDA 371,PRIVADO
245,"HOSPITAL PNP ""AUGUSTO B. LEGUIA""",2020,10,150128,LIMA,LIMA,RIMAC,SANIDAD DE LA POLICIA NACIONAL DEL PERU,II-1,II,35.0,38.0,83.0,43.0,0.0,0.0,32.0,5.0,7.0,5.0,9.0,2.0,3.0,197.0,6.0,3.0,00016094,-12.0281717,-77.0193529,PSJE SAN GERMAN S/N CUADRA 2 - URB VILLACAMPA,PUBLICO
246,CLINICA ZIEGLER CIRUGIA PLASTICA,2020,6,150131,LIMA,LIMA,SAN ISIDRO,PRIVADO,II-E,II,1.0,2.0,3.0,5.0,0.0,0.0,0.0,0.0,0.0,0.0,0.0,0.0,0.0,1.0,0.0,0.0,00016113,,,GUARDIA CIVIL,PRIVADO
247,DIAGNOCENTRO OLAZ,2020,11,70101,CALLAO,CALLAO,CALLAO,PRIVADO,0,0,0.0,0.0,0.0,1.0,0.0,0.0,0.0,0.0,0.0,0.0,0.0,1.0,0.0,1.0,0.0,0.0,00016115,,,AV. SAENZ PEÑA 414 OF. 204,PRIVADO
248,CENTRO MEDICO AVENDAÑO S.A.C.,2020,10,150122,LIMA,LIMA,MIRAFLORES,PRIVADO,II-E,II,5.0,15.0,5.0,1.0,0.0,0.0,10.0,0.0,1.0,1.0,0.0,0.0,0.0,4.0,0.0,0.0,00016121,,,CALLE LEONIDAS AVENDAÑO Nº 116,PRIVADO
249,HOSPITAL MEGASALUD UNIVERSAL,2020,12,150101,LIMA,LIMA,LIMA,PRIVADO,II-1,II,6.0,0.0,0.0,9.0,0.0,0.0,2.0,0.0,0.0,0.0,1.0,0.0,0.0,4.0,2.0,0.0,00016291,-12.04473587,-77.04019498,AVENIDA EMANCIPACION 785-791-799,PRIVADO
250,CLINICA MONTELUZ,2020,11,150125,LIMA,LIMA,PUENTE PIEDRA,PRIVADO,II-E,II,18.0,36.0,22.0,18.0,0.0,0.0,18.0,2.0,0.0,1.0,3.0,13.0,1.0,21.0,0.0,1.0,00016353,-11.843333,-77.10187,AV. BUENOS AIRES Nº 2307,PRIVADO
251,CENTRO DE ATENCION PRIMARIA III INDEPENDENCIA - RAA - ESSALUD,2020,2,150112,LIMA,LIMA,INDEPENDENCIA,ESSALUD,I-3,I,22.0,39.0,0.0,14.0,0.0,0.0,11.0,3.0,1.0,1.0,5.0,2.0,1.0,18.0,0.0,0.0,00016357,-11.9926724,-77.0617451,"CALLE ""A""  MZ ""D"" LOTE 13 Y 14 - URB. PANAMERICANA",PUBLICO
252,CLINICA ESPECIALIZADA EN CIRUGIA PLASTICA - DR. LUIS VIZCARRA / CIRUESTHETIC,2020,11,150131,LIMA,LIMA,SAN ISIDRO,PRIVADO,II-E,II,2.0,2.0,2.0,1.0,0.0,0.0,1.0,1.0,0.0,0.0,0.0,0.0,0.0,1.0,1.0,0.0,00016397,,,CALLE LOS OLIVOS 358 - 364  INT 303,PRIVADO
253,CENTRO NACIONAL DE SALUD RENAL - ESSALUD,2020,12,150113,LIMA,LIMA,JESUS MARIA,ESSALUD,0,0,1.0,0.0,0.0,20.0,0.0,0.0,64.0,0.0,4.0,3.0,8.0,0.0,4.0,35.0,36.0,0.0,00016488,-12.076973,-77.0383473,CALLE CORONEL FELIX ZEGARRA Nº 223-225,PUBLICO
254,CLINICA DIVINO NIÑO JESUS - ORDEN DE MALTA,2020,12,150133,LIMA,LIMA,SAN JUAN DE MIRAFLORES,PRIVADO,II-E,II,17.0,25.0,20.0,81.0,0.0,0.0,22.0,3.0,3.0,1.0,4.0,2.0,2.0,22.0,3.0,2.0,00016794,-12.1478708,-76.9736672,"ISMAEL ESCOBAR 329, PAMPLONA BAJA",PRIVADO
255,INSTITUTO NACIONAL DE SALUD NIÑO SAN BORJA,2020,12,150130,LIMA,LIMA,SAN BORJA,MINSA,III-2,III,49.0,80.0,236.0,341.0,0.0,12.0,474.0,5.0,16.0,15.0,60.0,0.0,12.0,277.0,26.0,2.0,00016918,-12.08614598,-76.99229181,AV LA ROSA TORO 1250 URB JACARANDA II,PUBLICO
256,MEDICENTRO COLMENA DE LA CLÍNICA INTERNACIONAL,2020,12,150101,LIMA,LIMA,LIMA,PRIVADO,I-3,I,10.0,11.0,0.0,16.0,0.0,0.0,4.0,4.0,2.0,3.0,0.0,0.0,0.0,7.0,2.0,0.0,00016948,-12.05000441,-77.03688718,AV. NICOLAS DE PIEROLA (EX-AV.COLMENA) N°727-733,PRIVADO
257,CLINICA MADRE ZORAIDA,2020,9,150118,LIMA,LIMA,LURIGANCHO,PRIVADO,II-E,II,8.0,16.0,8.0,33.0,0.0,0.0,1.0,2.0,1.0,1.0,2.0,1.0,1.0,6.0,4.0,0.0,00016951,-11.93860918,-76.69931622,ESQUINA DE JR. CHUCUITO Y JR. TRUJILLO SUR S/N,PRIVADO
258,HOSPITAL  MILITAR LUIS ARIAS SCHEREIBER,2020,10,150113,LIMA,LIMA,JESUS MARIA,SANIDAD DEL EJERCITO DEL PERU,III-1,III,158.0,164.0,595.0,139.0,0.0,65.0,393.0,24.0,27.0,4.0,68.0,18.0,11.0,20.0,20.0,4.0,00017024,-12.0871197,-77.0619786,AV FAUSTINO SANCHEZ CARRION S/N (EX. AV PERSHIN S/N),PUBLICO
259,OFTALMOLOGOS CONTRERAS  C.SCRL,2020,12,150131,LIMA,LIMA,SAN ISIDRO,PRIVADO,II-E,II,8.0,8.0,0.0,11.0,0.0,0.0,4.0,0.0,0.0,0.0,0.0,0.0,0.0,4.0,0.0,0.0,00017099,-12.04699842,-77.03290322,"AV. JAVIER PRADO ESTE Nº 1010, 10MO. PISO, URB EL PALOMAR",PRIVADO
260,CLINICA PORVENIR,2020,12,150113,LIMA,LIMA,JESUS MARIA,PRIVADO,II-E,II,4.0,4.0,10.0,5.0,0.0,3.0,5.0,0.0,0.0,0.0,2.0,0.0,1.0,11.0,0.0,0.0,00017173,-12.077661,-77.0530119,AV FRANCISCO MARIATEGUI 1418 URB FUNDO OYAGUE,PRIVADO
261,CLINICA SAN BARTOLOME,2020,9,150117,LIMA,LIMA,LOS OLIVOS,PRIVADO,II-E,II,6.0,7.0,7.0,7.0,0.0,0.0,2.0,2.0,0.0,1.0,0.0,4.0,1.0,4.0,3.0,0.0,00017385,-11.991493,-77.075591,AV. CARLOS ALBERTO IZAGUIRRE N° 1142 URB. COVIDA III ETAPA MZ A LT 16,PRIVADO
262,POLICLINICO COIP,2020,9,150101,LIMA,LIMA,LIMA,SANIDAD DE LA POLICIA NACIONAL DEL PERU,I-3,I,7.0,7.0,0.0,1.0,0.0,0.0,1.0,2.0,2.0,0.0,1.0,1.0,0.0,7.0,1.0,0.0,00017391,-12.05829209,-77.03984441,ESPAÑA,PUBLICO
263,GONZALES PINEDO RODOLFO,2020,12,150101,LIMA,LIMA,LIMA,PRIVADO,II-E,II,1.0,1.0,15.0,7.0,0.0,0.0,3.0,0.0,0.0,0.0,0.0,2.0,0.0,10.0,0.0,0.0,,,,,
264,POLICLÍNICO PNP SAN BORJA,2020,11,150130,LIMA,LIMA,SAN BORJA,SANIDAD DE LA POLICIA NACIONAL DEL PERU,I-3,I,2.0,2.0,0.0,2.0,0.0,0.0,2.0,1.0,1.0,0.0,2.0,0.0,1.0,8.0,0.0,0.0,00017519,-12.0916789,-77.0052521,LAS ARTES NORTE,PUBLICO
265,MEPSO,2020,12,150136,LIMA,LIMA,SAN MIGUEL,PRIVADO,I-3,I,4.0,4.0,0.0,3.0,0.0,0.0,1.0,1.0,4.0,0.0,0.0,0.0,0.0,7.0,1.0,0.0,00017540,-12.0867487,-77.0838399,"AVENIDA UNIVERSITARIA 407, 1ER Y 2DO PISO URB PANDO 7MA ETAPA",PRIVADO
266,ONCOSALUD,2020,12,150130,LIMA,LIMA,SAN BORJA,PRIVADO,II-1,II,3.0,3.0,84.0,232.0,0.0,31.0,129.0,0.0,1.0,5.0,13.0,0.0,14.0,133.0,0.0,0.0,00017634,-12.0906552,-77.0076122,GUARDIA CIVIL 219-225-227- 229 MZ. A2 LT. 02 URB. CORPA 1RA ZONA,PRIVADO
267,OFTALMOSALUD,2020,12,150133,LIMA,LIMA,SAN JUAN DE MIRAFLORES,PRIVADO,II-E,II,10.0,12.0,0.0,10.0,0.0,3.0,1.0,0.0,0.0,0.0,0.0,0.0,1.0,3.0,4.0,1.0,00017676,-12.1530319,-76.9751414,AV. DE LOS HEROES 376,PRIVADO
268,CAP III ALFREDO PIAZZA ROBERTS,2020,11,150116,LIMA,LIMA,LINCE,ESSALUD,I-3,I,4.0,6.0,0.0,15.0,0.0,0.0,11.0,3.0,1.0,1.0,6.0,1.0,1.0,21.0,2.0,0.0,00017695,-12.086601,-77.0275266,CALLE LAS LILAS 223 SAN EUGENIO -LINCE,PUBLICO
269,OPRECE,2020,12,150120,LIMA,LIMA,MAGDALENA DEL MAR,PRIVADO,II-E,II,5.0,2.0,0.0,17.0,0.0,0.0,2.0,0.0,0.0,0.0,0.0,0.0,0.0,5.0,15.0,0.0,00017703,-12.0891336,-77.0650709,AV. BRASIL 3219,PRIVADO
270,SANNA CENTRO CLINICO LA MOLINA,2020,1,150114,LIMA,LIMA,LA MOLINA,PRIVADO,I-3,I,13.0,21.0,0.0,68.0,0.0,0.0,4.0,3.0,4.0,3.0,4.0,0.0,1.0,20.0,0.0,0.0,00017726,-12.09028708,-76.95050932,AV. RAUL FERRERO REBAGLIATI MZ. C-2 LOTE 01 URB. EL REMANSO DE LA MOLINA I ETAPA,PRIVADO
271,CLÍNICA INTERNACIONAL  SEDE SAN BORJA AMBULATORIO,2020,3,150130,LIMA,LIMA,SAN BORJA,PRIVADO,II-E,II,98.0,98.0,0.0,441.0,0.0,0.0,41.0,18.0,5.0,5.0,27.0,0.0,3.0,36.0,0.0,0.0,00017772,-12.09293077,-77.00908876,AV. GUARDIA CIVIL MANZANA. A-4 LOTE 2 Y 3 URB. CÓRPAC,PRIVADO
272,OFTALMOLOGICA SANTO TORIBIO,2020,12,150140,LIMA,LIMA,SANTIAGO DE SURCO,PRIVADO,II-E,II,6.0,6.0,0.0,6.0,0.0,0.0,1.0,0.0,0.0,0.0,0.0,0.0,0.0,1.0,0.0,0.0,00017823,,,AV. PASEO LA CASTELLANA Nº 209,PRIVADO
273,CLINICA MARIA HUARHUA E.I.R.L,2020,6,150143,LIMA,LIMA,VILLA MARIA DEL TRIUNFO,PRIVADO,II-1,II,5.0,10.0,2.0,5.0,0.0,0.0,5.0,4.0,1.0,0.0,5.0,5.0,1.0,5.0,0.0,1.0,00017824,,,AV. LATINOAMERICA 200 JR CAÑETE 390 MZ 27 LT 4A SECT.VALLE BAJO 3ERA ETAPA JC MAREATEGUI SAN GABRIEL,PRIVADO
274,CLINICA DEL NORTE,2020,9,150117,LIMA,LIMA,LOS OLIVOS,PRIVADO,II-E,II,6.0,9.0,5.0,11.0,0.0,0.0,3.0,1.0,1.0,1.0,2.0,3.0,1.0,5.0,0.0,0.0,00017847,-11.9896079,-77.08108,AV. UNIVERSITARIA MZ- B LT- 12 COOP. CAJABAMBA,PRIVADO
275,SMA SERVICIOS MEDICOS AMBULATORIOS SA,2020,11,70102,CALLAO,CALLAO,BELLAVISTA,PRIVADO,I-3,I,31.0,31.0,0.0,57.0,0.0,0.0,2.0,16.0,3.0,2.0,5.0,0.0,2.0,17.0,1.0,0.0,00017862,,,AV. OSCAR R. BENAVIDES3866 EDIFICIO 3 MALL AVENTURA PLAZA BELLAVISTA,PRIVADO
276,HOSPITAL DE REHABILITACION DEL CALLAO,2020,12,70102,CALLAO,CALLAO,BELLAVISTA,GOBIERNO REGIONAL,II-E,II,8.0,8.0,0.0,8.0,0.0,0.0,1.0,0.0,1.0,0.0,31.0,0.0,1.0,24.0,1.0,0.0,00017883,-12.06268977,-77.13320624,ANDRES VIGIL,PUBLICO
277,POLICLINICO RISSO,2020,12,150116,LIMA,LIMA,LINCE,PRIVADO,I-3,I,37.0,74.0,0.0,106.0,0.0,0.0,3.0,6.0,3.0,0.0,3.0,0.0,0.0,0.0,3.0,0.0,00017909,-12.0845123,-77.0347223,AV. AREQUIPA 1992 Y CALLE BERNARDO ALCEDO 171-173-175,PRIVADO
278,MEDICENTRO SANTA ANITA DE LA CLINICA INTERNACIONAL,2020,10,150137,LIMA,LIMA,SANTA ANITA,PRIVADO,I-3,I,29.0,29.0,0.0,56.0,0.0,0.0,2.0,21.0,2.0,2.0,6.0,0.0,2.0,19.0,2.0,0.0,00017978,-12.056688,-76.97183288,"CARRETERA CENTRAL 111 EDIFICIO MEDICO 5TO PISO, AVENTURA PLAZA SANTA ANITA",PRIVADO
279,INCOR,2020,12,150113,LIMA,LIMA,JESUS MARIA,ESSALUD,III-E,III,7.0,12.0,98.0,166.0,0.0,42.0,262.0,2.0,4.0,7.0,28.0,0.0,10.0,167.0,3.0,0.0,00018011,-12.0768185,-77.0398868,JIRON CORONEL FÉLIX ZEGARRA Nº.S 397-417-455-465-491-495,PUBLICO
280,POLICLINICO MILITAR CHORRILLOS,2020,10,150108,LIMA,LIMA,CHORRILLOS,SANIDAD DEL EJERCITO DEL PERU,I-4,I,33.0,39.0,6.0,16.0,4.0,0.0,21.0,12.0,4.0,1.0,7.0,5.0,1.0,25.0,1.0,1.0,00018171,-12.1567124,-77.0190155,AV: ESCUELA MILITAR S/N VILLA MILITAR OESTE,PUBLICO
281,CENTRO DE ATENCIÓN PRIMARIA ALBERTO LEONARDO BARTON THOMPSON,2020,9,70101,CALLAO,CALLAO,CALLAO,PRIVADO,I-2,0,37.0,74.0,0.0,67.0,0.0,0.0,18.0,16.0,0.0,1.0,7.0,34.0,1.0,48.0,1.0,0.0,00018306,-12.061051,-77.1435799,AV.. SAENZ PEÑA,PRIVADO
282,CLINICA MARIA SRL,2020,12,150117,LIMA,LIMA,LOS OLIVOS,PRIVADO,II-E,II,2.0,5.0,8.0,6.0,0.0,0.0,4.0,0.0,0.0,1.0,2.0,1.0,0.0,6.0,0.0,0.0,00018307,-11.9694263,-77.087022,JR: AQUIA 4844 URB. NARANJAL,PRIVADO
283,ALBERTO LEONARDO BARTON THOMPSON,2020,9,70101,CALLAO,CALLAO,CALLAO,PRIVADO,II-2,II,53.0,106.0,201.0,343.0,0.0,0.0,359.0,3.0,6.0,4.0,60.0,0.0,6.0,394.0,3.0,1.0,00018319,-12.0491962,-77.1076748,AVENIDA ARGENTINA 3525,PRIVADO
284,GUILLERMO KAELIN DE LA FUENTE,2020,9,150143,LIMA,LIMA,VILLA MARIA DEL TRIUNFO,PRIVADO,II-2,II,49.0,98.0,198.0,337.0,0.0,0.0,332.0,5.0,1.0,7.0,45.0,0.0,12.0,379.0,3.0,1.0,00018580,-12.1782885,-76.9405994,PP.JJ. NUEVA ESPERANZA MZ 1B SUBLOTE 1 PABELLON 1 CRUCE AV. 26 DE NOVIEMBRE C/ AV DEFENSORES DE LIMA,PRIVADO
285,CLINICA PETRAS,2020,9,150131,LIMA,LIMA,SAN ISIDRO,PRIVADO,II-E,II,2.0,2.0,6.0,1.0,0.0,0.0,1.0,0.0,0.0,0.0,0.0,0.0,0.0,1.0,3.0,1.0,00018581,-12.0912121,-77.0115621,CALLE 6 N°221,PRIVADO
286,CLINICA MARIA DEL SOCORRO,2020,12,150103,LIMA,LIMA,ATE,PRIVADO,II-1,II,19.0,25.0,18.0,34.0,0.0,0.0,9.0,0.0,2.0,3.0,8.0,14.0,2.0,18.0,0.0,1.0,00018584,-12.0320174,-76.9355714,MZ J LOTE 3-A CALLE APURIMAC 116 URB. TILDA,PRIVADO
287,OFTALMICA S.A,2020,12,150130,LIMA,LIMA,SAN BORJA,PRIVADO,II-E,II,9.0,11.0,0.0,18.0,0.0,0.0,5.0,0.0,0.0,0.0,0.0,0.0,1.0,13.0,0.0,0.0,00018626,,,SAN BORJA NORTE,PRIVADO
288,POLICLINICO ESCUELA DE OFICIALES PNP,2020,11,150108,LIMA,LIMA,CHORRILLOS,SANIDAD DE LA POLICIA NACIONAL DEL PERU,I-3,I,6.0,2.0,0.0,3.0,0.0,0.0,2.0,0.0,1.0,0.0,0.0,0.0,0.0,10.0,0.0,1.0,00018660,-12.17809684,-76.99078,AVENIDA GUARDIA CIVIL S/N CHORRILLOS,PUBLICO
289,CLINICA ARROYO,2020,12,150131,LIMA,LIMA,SAN ISIDRO,PRIVADO,II-E,II,1.0,1.0,0.0,3.0,0.0,0.0,1.0,0.0,0.0,0.0,0.0,0.0,0.0,3.0,0.0,0.0,00018667,-12.0997879,-77.0186137,AV. PABLO CARRIQUIRY 798 CORPAC SAN ISIDRO,PRIVADO
290,CLINICA G'STAR,2020,12,70102,CALLAO,CALLAO,BELLAVISTA,PRIVADO,II-E,II,2.0,4.0,10.0,6.0,0.0,0.0,5.0,0.0,0.0,1.0,2.0,5.0,1.0,9.0,3.0,0.0,00018670,-12.06136811,-77.09853307,CALLE AMANCAES 240 URB. JARDINES DE VIRU,PRIVADO
291,GUILLERMO KAELIN DE LA FUENTE,2020,10,150143,LIMA,LIMA,VILLA MARIA DEL TRIUNFO,PRIVADO,I-2,0,41.0,82.0,0.0,62.0,0.0,0.0,18.0,14.0,6.0,0.0,4.0,36.0,1.0,45.0,1.0,0.0,00018825,-12.17763178,-76.94070112,"PUEBLO JOVEN NUEVA ESPERANZA MZ. 1B, LOTE 1",PRIVADO
292,ARIE,2020,10,150101,LIMA,LIMA,LIMA,PRIVADO,I-2,0,1.0,1.0,0.0,4.0,0.0,0.0,0.0,0.0,5.0,0.0,12.0,0.0,0.0,0.0,4.0,0.0,00018921,,,JR. CAÑETE N° 690,PRIVADO
293,CLINICA SANTA MARTHA DEL SUR,2020,12,150133,LIMA,LIMA,SAN JUAN DE MIRAFLORES,PRIVADO,II-2,II,49.0,46.0,60.0,236.0,0.0,0.0,91.0,3.0,1.0,5.0,18.0,7.0,4.0,1.0,1.0,0.0,00018985,-12.1630853,-76.9652512,BELISARIO SUAREZ 998,PRIVADO
294,AUNA CLÍNICA DELGADO,2020,12,150122,LIMA,LIMA,MIRAFLORES,PRIVADO,III-1,III,80.0,160.0,120.0,448.0,0.0,0.0,261.0,14.0,4.0,14.0,60.0,12.0,8.0,361.0,291.0,0.0,00019049,-12.11324534,-77.03316963,AV ANGAMOS OESTE N°450-490,PRIVADO
295,POSTA MEDICA ETS. PNP. SAN BARTOLO,2020,11,150129,LIMA,LIMA,SAN BARTOLO,SANIDAD DE LA POLICIA NACIONAL DEL PERU,I-2,0,6.0,6.0,0.0,2.0,2.0,0.0,3.0,1.0,2.0,1.0,1.0,1.0,0.0,8.0,0.0,1.0,00019390,-12.3849381,-76.7704642,AV. EL GOLF S/N SAN BARTOLO,PUBLICO
296,CLINICA RENACER,2020,12,150122,LIMA,LIMA,MIRAFLORES,PRIVADO,II-E,II,1.0,3.0,1.0,6.0,0.0,0.0,3.0,0.0,0.0,0.0,1.0,0.0,0.0,4.0,3.0,0.0,00019671,-12.1097727,-77.0335447,CALLE CORONEL INCLAN N° 986,PRIVADO
297,CLINICA HIGUERETA,2020,12,150122,LIMA,LIMA,MIRAFLORES,PRIVADO,II-E,II,6.0,2.0,8.0,25.0,0.0,0.0,9.0,0.0,0.0,1.0,1.0,0.0,1.0,18.0,0.0,0.0,00019748,-12.1281328,-77.0047688,BENAVIDES,PRIVADO
298,CLINICA SANTA LEONOR,2020,11,150108,LIMA,LIMA,CHORRILLOS,PRIVADO,II-E,II,3.0,1.0,5.0,3.0,0.0,0.0,0.0,0.0,0.0,0.0,0.0,5.0,1.0,5.0,0.0,0.0,00019839,,,AV. DEFENSORS DEL MORRO Nº 2697 - URB. SANTA LEONOR,PRIVADO
299,CLINICA DE OJOS GLOBAL LASER,2020,11,150121,LIMA,LIMA,PUEBLO LIBRE,PRIVADO,II-E,II,3.0,6.0,0.0,12.0,10.0,10.0,0.0,0.0,0.0,0.0,0.0,0.0,0.0,7.0,1.0,0.0,00020230,,,AV. MANUEL DULANTO 1656,PRIVADO
300,CLINICA SANTA BEATRIZ,2020,12,150113,LIMA,LIMA,JESUS MARIA,PRIVADO,II-E,II,8.0,0.0,23.0,0.0,0.0,0.0,0.0,0.0,0.0,0.0,2.0,0.0,2.0,13.0,0.0,1.0,00020346,-12.0716856,-77.0381986,JR. RAMON DAGNINO Nº 227,PRIVADO
301,POLICLINICO PNP CHORRILLOS,2020,11,150108,LIMA,LIMA,CHORRILLOS,SANIDAD DE LA POLICIA NACIONAL DEL PERU,I-3,I,2.0,3.0,0.0,4.0,0.0,0.0,2.0,2.0,2.0,0.0,0.0,1.0,1.0,24.0,1.0,0.0,00020382,-12.16003955,-77.02359415,AV. CHORRILLOS N° 400,PUBLICO
302,CENTRO DE SALUD MENTAL COMUNITARIO SARITA COLONIA,2020,2,70101,CALLAO,CALLAO,CALLAO,GOBIERNO REGIONAL,I-2,0,8.0,0.0,0.0,2.0,0.0,0.0,4.0,0.0,6.0,0.0,2.0,0.0,1.0,0.0,1.0,0.0,00020823,-12.02307765,-77.13413473,AV. RAMIRO PRIALE S/N,PUBLICO
303,VISUAL CENTER CLINICA DE OJOS,2020,12,150136,LIMA,LIMA,SAN MIGUEL,PRIVADO,II-E,II,4.0,4.0,2.0,9.0,0.0,0.0,1.0,0.0,0.0,0.0,1.0,0.0,1.0,5.0,1.0,0.0,00020976,-12.0724562,-77.0986708,AV. ELMER FAUCETT NO 170,PRIVADO
304,LIMATAMBO SEDE MINKA II,2020,12,70101,CALLAO,CALLAO,CALLAO,PRIVADO,I-3,I,7.0,7.0,0.0,15.0,0.0,0.0,2.0,7.0,1.0,3.0,1.0,0.0,0.0,3.0,0.0,0.0,00021094,-12.04712946,-77.1118871,AV. ARGENTINA 3093 CC. MINKA AV PLAYA MEIGGS CALLE 3 PABELLON N° 5 LOCAL 402 2DO PISO,PRIVADO
305,CLINICA ESPECIALIZADA EN CIRUGÍA PLÁSTICA SAN AGUSTIN,2020,12,150121,LIMA,LIMA,PUEBLO LIBRE,PRIVADO,II-E,II,1.0,1.0,0.0,1.0,0.0,0.0,1.0,0.0,0.0,0.0,0.0,0.0,0.0,3.0,0.0,0.0,00021096,,,"BRASIL 2630, INTERIOR ""A"" Y LA AV BRASIL 2610, INTERIOR 101",PRIVADO
306,CLINICA DR AUGUSTO CACERES CABELLO-PIEL Y MEDICINA ESTETICA,2020,12,150120,LIMA,LIMA,MAGDALENA DEL MAR,PRIVADO,I-2,0,4.0,6.0,0.0,6.0,0.0,0.0,1.0,0.0,0.0,0.0,0.0,0.0,0.0,0.0,0.0,0.0,00021289,-12.0901843,-77.0698192,AV SUCRE 899 - MAGDALENA DEL MAR,PRIVADO
307,CLINICA LA LUZ OFTALMOLOGIA,2020,12,150105,LIMA,LIMA,BREÑA,PRIVADO,0,0,4.0,6.0,0.0,7.0,0.0,0.0,1.0,0.0,0.0,0.0,0.0,0.0,1.0,0.0,4.0,0.0,00022016,,,AV. TINGO MARIA 623,PRIVADO
308,CLINICA SANTA JULIA  S.A.C.,2020,10,150114,LIMA,LIMA,LA MOLINA,PRIVADO,II-E,II,1.0,2.0,3.0,2.0,0.0,1.0,2.0,0.0,0.0,0.0,0.0,0.0,0.0,2.0,0.0,0.0,00022113,,,AVENIDA JAVIER PRADO ESTE N° 7118 URB. COVIMA,PRIVADO
309,CLINICA AVANSALUD,2020,12,150120,LIMA,LIMA,MAGDALENA DEL MAR,PRIVADO,II-E,II,2.0,4.0,4.0,16.0,0.0,0.0,4.0,0.0,0.0,1.0,2.0,0.0,1.0,10.0,3.0,0.0,00023022,-12.10073084,-77.06196255,DEL EJERCITO,PRIVADO
310,CLINICA CORI,2020,12,150117,LIMA,LIMA,LOS OLIVOS,PRIVADO,II-E,II,20.0,3.0,14.0,3.0,1.0,0.0,2.0,0.0,0.0,0.0,1.0,1.0,1.0,5.0,2.0,1.0,00023151,-11.99115958,-77.07320308,CARLOS ALBERTO IZAGUIRRE,PRIVADO
311,HOSPITAL DE EMERGENCIAS VILLA EL SALVADOR,2020,12,150142,LIMA,LIMA,VILLA EL SALVADOR,MINSA,II-2,II,37.0,0.0,387.0,327.0,0.0,0.0,371.0,2.0,5.0,14.0,48.0,44.0,25.0,467.0,1.0,2.0,00023159,-12.2326004,-76.9336669,PASTOR SEVILLA,PUBLICO
312,Centro Clínico Gamarra,2020,12,150115,LIMA,LIMA,LA VICTORIA,PRIVADO,I-3,I,11.0,18.0,0.0,22.0,0.0,0.0,9.0,2.0,1.0,2.0,8.0,6.0,1.0,16.0,1.0,0.0,00023288,-12.0737233,-77.0189238,mexico,PRIVADO
313,MEDICINA EMPRESARIAL DE PREVENCIÓN EN SALUD OCUPACIONAL SAC,2020,12,150141,LIMA,LIMA,SURQUILLO,PRIVADO,I-3,I,4.0,4.0,0.0,4.0,0.0,0.0,1.0,1.0,4.0,0.0,0.0,0.0,0.0,10.0,0.0,0.0,00023509,-12.1117273,-76.9968294,ANGAMOS ESTE,PRIVADO
314,NUTRIMEDIC,2020,12,70102,CALLAO,CALLAO,BELLAVISTA,PRIVADO,I-2,0,0.0,0.0,0.0,1.0,0.0,0.0,0.0,0.0,0.0,0.0,0.0,0.0,2.0,0.0,0.0,0.0,00023578,,,BUENOS AIRES,PRIVADO
315,OFTALMO VISSUM SOCIEDAD ANONIMA CERRADA,2020,12,150140,LIMA,LIMA,SANTIAGO DE SURCO,PRIVADO,II-E,II,1.0,2.0,0.0,4.0,0.0,0.0,1.0,0.0,0.0,0.0,0.0,0.0,1.0,0.0,0.0,0.0,00023741,-12.128272,-76.9910469,ALFREDO BENAVIDES,PRIVADO
316,INSTITUTO OFTALMOLOGICO LA LUZ SOCIEDAD ANONIMA CERRADA - INSTITUTO OFTALMOLOGICO LA LUZ S.A.C.,2020,12,150101,LIMA,LIMA,LIMA,PRIVADO,II-E,II,10.0,0.0,0.0,12.0,0.0,0.0,1.0,0.0,0.0,0.0,0.0,0.0,1.0,4.0,2.0,0.0,00023833,,,Arequipa,PRIVADO
317,OFTALMOSALUD,2020,12,150117,LIMA,LIMA,LOS OLIVOS,PRIVADO,II-E,II,9.0,11.0,0.0,6.0,0.0,0.0,1.0,0.0,0.0,0.0,0.0,0.0,1.0,11.0,1.0,1.0,00023852,-11.99138124,-77.07712787,CARLOS ALBERTO IZAGUIRRE,PRIVADO
318,INSTITUTO DE GAMMA KNIFE DEL PACIFICO SAC,2020,9,150122,LIMA,LIMA,MIRAFLORES,PRIVADO,0,0,1.0,1.0,2.0,4.0,0.0,0.0,1.0,0.0,0.0,0.0,1.0,0.0,0.0,0.0,2.0,0.0,00023901,-12.10417924,-77.02991611,GERVASIO SANTILLANA CUADRA 2,PRIVADO
319,CIRUGIA LAPAROSCOPICA E.I.R.LTDA,2020,12,150116,LIMA,LIMA,LINCE,PRIVADO,II-E,II,2.0,4.0,12.0,5.0,0.0,0.0,5.0,0.0,0.0,1.0,1.0,4.0,1.0,9.0,3.0,0.0,00023918,-12.0904391,-77.035634,AREQUIPA ,PRIVADO
320,CONSULTORIO SORMEDIC,2020,7,150120,LIMA,LIMA,MAGDALENA DEL MAR,PRIVADO,I-2,0,3.0,2.0,0.0,4.0,0.0,0.0,0.0,0.0,0.0,0.0,1.0,0.0,0.0,1.0,1.0,0.0,00024049,,,TOMAS RAMSEY,PRIVADO
321,SANNA CENTRO CLÍNICO CHACARILLA,2020,1,150140,LIMA,LIMA,SANTIAGO DE SURCO,PRIVADO,I-3,I,24.0,47.0,0.0,92.0,0.0,0.0,2.0,1.0,6.0,4.0,2.0,0.0,1.0,8.0,0.0,0.0,00024132,-12.1110895,-76.9903523,PRIMAVERA,PRIVADO
322,CLINIC NOVASALUD,2020,12,150142,LIMA,LIMA,VILLA EL SALVADOR,PRIVADO,II-E,II,5.0,10.0,6.0,14.0,0.0,0.0,2.0,0.0,1.0,0.0,1.0,1.0,0.0,5.0,0.0,0.0,00024178,-12.21442795,-76.93776078,"SECTOR 2, GRUPO RESIDENCIAL 10",PRIVADO
323,CENTRO AMBULATORIO  CLINICA INTERNACIONAL - SEDE SURCO,2020,9,150140,LIMA,LIMA,SANTIAGO DE SURCO,PRIVADO,I-3,I,78.0,0.0,0.0,90.0,0.0,0.0,41.0,12.0,1.0,2.0,27.0,14.0,2.0,30.0,0.0,0.0,00024299,-12.10386453,-76.97278372,El Polo 461  473- 455,PRIVADO
324,CLINICA RINOFACIAL E.I.R.L,2020,12,150140,LIMA,LIMA,SANTIAGO DE SURCO,PRIVADO,II-E,II,4.0,8.0,2.0,4.0,0.0,0.0,2.0,0.0,0.0,0.0,0.0,0.0,0.0,2.0,0.0,0.0,00024304,,,benavides,PRIVADO
325,POLICLINICO GINEMED,2020,2,70103,CALLAO,CALLAO,CARMEN DE LA LEGUA-REYNOSO,PRIVADO,I-3,I,3.0,3.0,0.0,5.0,0.0,0.0,0.0,0.0,0.0,0.0,0.0,0.0,0.0,0.0,2.0,0.0,00024327,,,JOSE SANTOS CHOCANO,PRIVADO
326,CLÍNICA SANTO TORIBIO,2020,1,150101,LIMA,LIMA,LIMA,PRIVADO,II-E,II,34.0,34.0,5.0,2.0,0.0,0.0,1.0,0.0,0.0,0.0,1.0,0.0,0.0,1.0,1.0,0.0,,,,,
327,ARIE,2020,12,150132,LIMA,LIMA,SAN JUAN DE LURIGANCHO,PRIVADO,I-2,0,2.0,2.0,0.0,5.0,0.0,0.0,0.0,0.0,5.0,0.0,18.0,0.0,0.0,0.0,5.0,0.0,00024750,-11.9766824,-76.9936667,SAN MARTIN,PRIVADO
328,LINE CONTROL CENTER,2020,9,150130,LIMA,LIMA,SAN BORJA,PRIVADO,I-2,0,2.0,2.0,0.0,2.0,0.0,0.0,0.0,0.0,0.0,0.0,0.0,0.0,0.0,1.0,0.0,0.0,00024872,,,AVIACION,PRIVADO
329,CLÍNICA CORPORACIÓN DE CIRUJANOS PLÁSTICOS,2020,12,150122,LIMA,LIMA,MIRAFLORES,PRIVADO,II-E,II,3.0,3.0,3.0,4.0,0.0,0.0,4.0,0.0,0.0,0.0,0.0,0.0,0.0,2.0,0.0,0.0,00024924,,,GENERAL VIDAL,PRIVADO
330,CONSULTORIOS EXTERNOS ANGLO AMERICANA,2020,12,150131,LIMA,LIMA,SAN ISIDRO,PRIVADO,I-2,0,33.0,66.0,0.0,63.0,0.0,0.0,2.0,0.0,0.0,0.0,25.0,0.0,1.0,3.0,0.0,0.0,00025076,-12.1085405,-77.0386698,EMILIO CAVENECIA,PRIVADO
331,P.S. JOSE OLAYA,2020,2,70101,CALLAO,CALLAO,CALLAO,GOBIERNO REGIONAL,I-2,0,8.0,9.0,0.0,5.0,0.0,0.0,3.0,2.0,1.0,1.0,0.0,3.0,0.0,8.0,1.0,0.0,00025474,,,Jiron,PUBLICO
332,CENTRO CLÍNICO SAN NICOLAS,2020,12,150110,LIMA,LIMA,COMAS,PRIVADO,I-3,I,12.0,17.0,0.0,15.0,0.0,0.0,8.0,4.0,1.0,1.0,5.0,8.0,1.0,17.0,1.0,0.0,00025575,-11.936182,-77.0589514,42,PRIVADO
333,CLINICA MATER PURISSIMA,2020,11,150110,LIMA,LIMA,COMAS,PRIVADO,II-E,II,5.0,10.0,8.0,8.0,0.0,0.0,1.0,2.0,0.0,1.0,1.0,6.0,1.0,6.0,1.0,0.0,00025598,,,GARCILAZO DE LA VEGA Y PASAJE MARIANO MELGAR,PRIVADO
334,CLINICA SANENS,2020,12,150141,LIMA,LIMA,SURQUILLO,PRIVADO,II-E,II,1.0,2.0,9.0,10.0,0.0,0.0,12.0,0.0,0.0,1.0,2.0,0.0,1.0,16.0,3.0,0.0,00025930,-12.11917566,-77.02486631,PROLONGACIÓN RICARDO PALMA,PRIVADO
335,CAP III CARABAYLLO,2020,12,150106,LIMA,LIMA,CARABAYLLO,ESSALUD,I-3,I,6.0,15.0,0.0,15.0,0.0,0.0,16.0,5.0,2.0,3.0,5.0,4.0,3.0,0.0,5.0,0.0,00026009,-11.8967637,-77.0383869,MOSHOLLACTA Y DIEGO BERMEJO,PUBLICO
336,SANNA CENTRO CLINICO MIRAFLORES,2020,1,150122,LIMA,LIMA,MIRAFLORES,PRIVADO,I-3,I,26.0,46.0,0.0,63.0,0.0,0.0,4.0,2.0,4.0,3.0,2.0,0.0,1.0,10.0,1.0,0.0,00026642,-12.1274247,-77.0121583,ALFREDO BENAVIDES,PRIVADO
337,EXPERTTA,2020,4,150122,LIMA,LIMA,MIRAFLORES,PRIVADO,0,0,0.0,0.0,0.0,16.0,0.0,0.0,4.0,0.0,1.0,2.0,4.0,2.0,2.0,3.0,0.0,0.0,00026777,-12.1136161,-77.0356833,ARICA,PRIVADO
338,CLINICA BELLAFORMA,2020,9,150113,LIMA,LIMA,JESUS MARIA,PRIVADO,II-E,II,1.0,1.0,2.0,4.0,0.0,0.0,1.0,0.0,0.0,0.0,0.0,0.0,0.0,2.0,0.0,0.0,00026793,-12.071132,-77.0503715,BRASIL,PRIVADO
339,CLINICA AVIVA SEDE MENDIOLA,2020,11,150117,LIMA,LIMA,LOS OLIVOS,PRIVADO,II-E,II,18.0,17.0,20.0,108.0,0.0,0.0,41.0,4.0,0.0,1.0,4.0,5.0,3.0,32.0,7.0,0.0,00026936,-11.9564535,-77.0696053,ALFREDO MENDIOLA,PRIVADO
340,MEPSO,2020,12,150119,LIMA,LIMA,LURIN,PRIVADO,I-3,I,2.0,2.0,0.0,2.0,0.0,0.0,0.0,1.0,1.0,0.0,0.0,0.0,0.0,5.0,0.0,0.0,00027216,-12.29370305,-76.85225464,MARTIR OLAYA,PRIVADO
341,CLINICA AUNA GUARDIA CIVIL,2020,12,150131,LIMA,LIMA,SAN ISIDRO,PRIVADO,II-E,II,5.0,5.0,28.0,121.0,0.0,0.0,50.0,0.0,0.0,2.0,10.0,0.0,3.0,40.0,13.0,0.0,00027320,-12.09189611,-77.00903512,Guardia Civil,PRIVADO
